[
{
  "model": "auth.permission",
  "pk": 1,
  "fields": {
    "name": "Can add log entry",
    "content_type": 1,
    "codename": "add_logentry"
  }
},
{
  "model": "auth.permission",
  "pk": 2,
  "fields": {
    "name": "Can change log entry",
    "content_type": 1,
    "codename": "change_logentry"
  }
},
{
  "model": "auth.permission",
  "pk": 3,
  "fields": {
    "name": "Can delete log entry",
    "content_type": 1,
    "codename": "delete_logentry"
  }
},
{
  "model": "auth.permission",
  "pk": 4,
  "fields": {
    "name": "Can add user",
    "content_type": 2,
    "codename": "add_user"
  }
},
{
  "model": "auth.permission",
  "pk": 5,
  "fields": {
    "name": "Can change user",
    "content_type": 2,
    "codename": "change_user"
  }
},
{
  "model": "auth.permission",
  "pk": 6,
  "fields": {
    "name": "Can delete user",
    "content_type": 2,
    "codename": "delete_user"
  }
},
{
  "model": "auth.permission",
  "pk": 7,
  "fields": {
    "name": "Can add group",
    "content_type": 3,
    "codename": "add_group"
  }
},
{
  "model": "auth.permission",
  "pk": 8,
  "fields": {
    "name": "Can change group",
    "content_type": 3,
    "codename": "change_group"
  }
},
{
  "model": "auth.permission",
  "pk": 9,
  "fields": {
    "name": "Can delete group",
    "content_type": 3,
    "codename": "delete_group"
  }
},
{
  "model": "auth.permission",
  "pk": 10,
  "fields": {
    "name": "Can add permission",
    "content_type": 4,
    "codename": "add_permission"
  }
},
{
  "model": "auth.permission",
  "pk": 11,
  "fields": {
    "name": "Can change permission",
    "content_type": 4,
    "codename": "change_permission"
  }
},
{
  "model": "auth.permission",
  "pk": 12,
  "fields": {
    "name": "Can delete permission",
    "content_type": 4,
    "codename": "delete_permission"
  }
},
{
  "model": "auth.permission",
  "pk": 13,
  "fields": {
    "name": "Can add content type",
    "content_type": 5,
    "codename": "add_contenttype"
  }
},
{
  "model": "auth.permission",
  "pk": 14,
  "fields": {
    "name": "Can change content type",
    "content_type": 5,
    "codename": "change_contenttype"
  }
},
{
  "model": "auth.permission",
  "pk": 15,
  "fields": {
    "name": "Can delete content type",
    "content_type": 5,
    "codename": "delete_contenttype"
  }
},
{
  "model": "auth.permission",
  "pk": 16,
  "fields": {
    "name": "Can add session",
    "content_type": 6,
    "codename": "add_session"
  }
},
{
  "model": "auth.permission",
  "pk": 17,
  "fields": {
    "name": "Can change session",
    "content_type": 6,
    "codename": "change_session"
  }
},
{
  "model": "auth.permission",
  "pk": 18,
  "fields": {
    "name": "Can delete session",
    "content_type": 6,
    "codename": "delete_session"
  }
},
{
  "model": "auth.permission",
  "pk": 19,
  "fields": {
    "name": "Can add tickets",
    "content_type": 7,
    "codename": "add_tickets"
  }
},
{
  "model": "auth.permission",
  "pk": 20,
  "fields": {
    "name": "Can change tickets",
    "content_type": 7,
    "codename": "change_tickets"
  }
},
{
  "model": "auth.permission",
  "pk": 21,
  "fields": {
    "name": "Can delete tickets",
    "content_type": 7,
    "codename": "delete_tickets"
  }
},
{
  "model": "auth.permission",
  "pk": 22,
  "fields": {
    "name": "Can add modell",
    "content_type": 8,
    "codename": "add_modell"
  }
},
{
  "model": "auth.permission",
  "pk": 23,
  "fields": {
    "name": "Can change modell",
    "content_type": 8,
    "codename": "change_modell"
  }
},
{
  "model": "auth.permission",
  "pk": 24,
  "fields": {
    "name": "Can delete modell",
    "content_type": 8,
    "codename": "delete_modell"
  }
},
{
  "model": "auth.permission",
  "pk": 25,
  "fields": {
    "name": "Can add num",
    "content_type": 9,
    "codename": "add_num"
  }
},
{
  "model": "auth.permission",
  "pk": 26,
  "fields": {
    "name": "Can change num",
    "content_type": 9,
    "codename": "change_num"
  }
},
{
  "model": "auth.permission",
  "pk": 27,
  "fields": {
    "name": "Can delete num",
    "content_type": 9,
    "codename": "delete_num"
  }
},
{
  "model": "auth.permission",
  "pk": 28,
  "fields": {
    "name": "Can add cartridge",
    "content_type": 10,
    "codename": "add_cartridge"
  }
},
{
  "model": "auth.permission",
  "pk": 29,
  "fields": {
    "name": "Can change cartridge",
    "content_type": 10,
    "codename": "change_cartridge"
  }
},
{
  "model": "auth.permission",
  "pk": 30,
  "fields": {
    "name": "Can delete cartridge",
    "content_type": 10,
    "codename": "delete_cartridge"
  }
},
{
  "model": "auth.permission",
  "pk": 31,
  "fields": {
    "name": "Can add events",
    "content_type": 11,
    "codename": "add_events"
  }
},
{
  "model": "auth.permission",
  "pk": 32,
  "fields": {
    "name": "Can change events",
    "content_type": 11,
    "codename": "change_events"
  }
},
{
  "model": "auth.permission",
  "pk": 33,
  "fields": {
    "name": "Can delete events",
    "content_type": 11,
    "codename": "delete_events"
  }
},
{
  "model": "auth.permission",
  "pk": 34,
  "fields": {
    "name": "Can add place",
    "content_type": 12,
    "codename": "add_place"
  }
},
{
  "model": "auth.permission",
  "pk": 35,
  "fields": {
    "name": "Can change place",
    "content_type": 12,
    "codename": "change_place"
  }
},
{
  "model": "auth.permission",
  "pk": 36,
  "fields": {
    "name": "Can delete place",
    "content_type": 12,
    "codename": "delete_place"
  }
},
{
  "model": "auth.permission",
  "pk": 37,
  "fields": {
    "name": "Can add status",
    "content_type": 13,
    "codename": "add_status"
  }
},
{
  "model": "auth.permission",
  "pk": 38,
  "fields": {
    "name": "Can change status",
    "content_type": 13,
    "codename": "change_status"
  }
},
{
  "model": "auth.permission",
  "pk": 39,
  "fields": {
    "name": "Can delete status",
    "content_type": 13,
    "codename": "delete_status"
  }
},
{
  "model": "auth.permission",
  "pk": 40,
  "fields": {
    "name": "Can add permission",
    "content_type": 2,
    "codename": "add_permission"
  }
},
{
  "model": "auth.permission",
  "pk": 41,
  "fields": {
    "name": "Can change permission",
    "content_type": 2,
    "codename": "change_permission"
  }
},
{
  "model": "auth.permission",
  "pk": 42,
  "fields": {
    "name": "Can delete permission",
    "content_type": 2,
    "codename": "delete_permission"
  }
},
{
  "model": "auth.permission",
  "pk": 43,
  "fields": {
    "name": "Can add user",
    "content_type": 4,
    "codename": "add_user"
  }
},
{
  "model": "auth.permission",
  "pk": 44,
  "fields": {
    "name": "Can change user",
    "content_type": 4,
    "codename": "change_user"
  }
},
{
  "model": "auth.permission",
  "pk": 45,
  "fields": {
    "name": "Can delete user",
    "content_type": 4,
    "codename": "delete_user"
  }
},
{
  "model": "auth.permission",
  "pk": 46,
  "fields": {
    "name": "Can add cartridge",
    "content_type": 8,
    "codename": "add_cartridge"
  }
},
{
  "model": "auth.permission",
  "pk": 47,
  "fields": {
    "name": "Can change cartridge",
    "content_type": 8,
    "codename": "change_cartridge"
  }
},
{
  "model": "auth.permission",
  "pk": 48,
  "fields": {
    "name": "Can delete cartridge",
    "content_type": 8,
    "codename": "delete_cartridge"
  }
},
{
  "model": "auth.permission",
  "pk": 49,
  "fields": {
    "name": "Can add events",
    "content_type": 9,
    "codename": "add_events"
  }
},
{
  "model": "auth.permission",
  "pk": 50,
  "fields": {
    "name": "Can change events",
    "content_type": 9,
    "codename": "change_events"
  }
},
{
  "model": "auth.permission",
  "pk": 51,
  "fields": {
    "name": "Can delete events",
    "content_type": 9,
    "codename": "delete_events"
  }
},
{
  "model": "auth.permission",
  "pk": 52,
  "fields": {
    "name": "Can add modell",
    "content_type": 10,
    "codename": "add_modell"
  }
},
{
  "model": "auth.permission",
  "pk": 53,
  "fields": {
    "name": "Can change modell",
    "content_type": 10,
    "codename": "change_modell"
  }
},
{
  "model": "auth.permission",
  "pk": 54,
  "fields": {
    "name": "Can delete modell",
    "content_type": 10,
    "codename": "delete_modell"
  }
},
{
  "model": "auth.permission",
  "pk": 55,
  "fields": {
    "name": "Can add num",
    "content_type": 11,
    "codename": "add_num"
  }
},
{
  "model": "auth.permission",
  "pk": 56,
  "fields": {
    "name": "Can change num",
    "content_type": 11,
    "codename": "change_num"
  }
},
{
  "model": "auth.permission",
  "pk": 57,
  "fields": {
    "name": "Can delete num",
    "content_type": 11,
    "codename": "delete_num"
  }
},
{
  "model": "auth.permission",
  "pk": 58,
  "fields": {
    "name": "Can add permission",
    "content_type": 3,
    "codename": "add_permission"
  }
},
{
  "model": "auth.permission",
  "pk": 59,
  "fields": {
    "name": "Can change permission",
    "content_type": 3,
    "codename": "change_permission"
  }
},
{
  "model": "auth.permission",
  "pk": 60,
  "fields": {
    "name": "Can delete permission",
    "content_type": 3,
    "codename": "delete_permission"
  }
},
{
  "model": "auth.permission",
  "pk": 61,
  "fields": {
    "name": "Can add group",
    "content_type": 4,
    "codename": "add_group"
  }
},
{
  "model": "auth.permission",
  "pk": 62,
  "fields": {
    "name": "Can change group",
    "content_type": 4,
    "codename": "change_group"
  }
},
{
  "model": "auth.permission",
  "pk": 63,
  "fields": {
    "name": "Can delete group",
    "content_type": 4,
    "codename": "delete_group"
  }
},
{
  "model": "auth.permission",
  "pk": 64,
  "fields": {
    "name": "Can add modell",
    "content_type": 9,
    "codename": "add_modell"
  }
},
{
  "model": "auth.permission",
  "pk": 65,
  "fields": {
    "name": "Can change modell",
    "content_type": 9,
    "codename": "change_modell"
  }
},
{
  "model": "auth.permission",
  "pk": 66,
  "fields": {
    "name": "Can delete modell",
    "content_type": 9,
    "codename": "delete_modell"
  }
},
{
  "model": "auth.permission",
  "pk": 67,
  "fields": {
    "name": "Can add events",
    "content_type": 13,
    "codename": "add_events"
  }
},
{
  "model": "auth.permission",
  "pk": 68,
  "fields": {
    "name": "Can change events",
    "content_type": 13,
    "codename": "change_events"
  }
},
{
  "model": "auth.permission",
  "pk": 69,
  "fields": {
    "name": "Can delete events",
    "content_type": 13,
    "codename": "delete_events"
  }
},
{
  "model": "auth.permission",
  "pk": 70,
  "fields": {
    "name": "Can add place",
    "content_type": 11,
    "codename": "add_place"
  }
},
{
  "model": "auth.permission",
  "pk": 71,
  "fields": {
    "name": "Can change place",
    "content_type": 11,
    "codename": "change_place"
  }
},
{
  "model": "auth.permission",
  "pk": 72,
  "fields": {
    "name": "Can delete place",
    "content_type": 11,
    "codename": "delete_place"
  }
},
{
  "model": "auth.permission",
  "pk": 73,
  "fields": {
    "name": "Can add num",
    "content_type": 12,
    "codename": "add_num"
  }
},
{
  "model": "auth.permission",
  "pk": 74,
  "fields": {
    "name": "Can change num",
    "content_type": 12,
    "codename": "change_num"
  }
},
{
  "model": "auth.permission",
  "pk": 75,
  "fields": {
    "name": "Can delete num",
    "content_type": 12,
    "codename": "delete_num"
  }
},
{
  "model": "auth.permission",
  "pk": 76,
  "fields": {
    "name": "Can add status",
    "content_type": 10,
    "codename": "add_status"
  }
},
{
  "model": "auth.permission",
  "pk": 77,
  "fields": {
    "name": "Can change status",
    "content_type": 10,
    "codename": "change_status"
  }
},
{
  "model": "auth.permission",
  "pk": 78,
  "fields": {
    "name": "Can delete status",
    "content_type": 10,
    "codename": "delete_status"
  }
},
{
  "model": "auth.user",
  "pk": 1,
  "fields": {
    "password": "pbkdf2_sha256$36000$SJF2TVsce2zz$lQcAkinV9xZymOo/LXUNHNuhrNIViWT8WeLUcE/+dvQ=",
    "last_login": "2017-09-21T13:45:18.795Z",
    "is_superuser": true,
    "username": "mjee",
    "first_name": "",
    "last_name": "",
    "email": "",
    "is_staff": true,
    "is_active": true,
    "date_joined": "2017-04-18T08:44:30.598Z",
    "groups": [],
    "user_permissions": []
  }
},
{
  "model": "sessions.session",
  "pk": "3imc7kjsnx7xcubfqcwyvzw381dobzn7",
  "fields": {
    "session_data": "MGI2ODU3NjhlOTAzZDZjMjAxZWY0MTY3ZWQ2Yjg4OTE0YjA0NWU2Mzp7Il9hdXRoX3VzZXJfaWQiOiIxIiwiX2F1dGhfdXNlcl9iYWNrZW5kIjoiZGphbmdvLmNvbnRyaWIuYXV0aC5iYWNrZW5kcy5Nb2RlbEJhY2tlbmQiLCJfYXV0aF91c2VyX2hhc2giOiJkYzFiOGE0MzE0M2U4ZmUyZWU3ODY4OWQxMzNmODA0YmQyZTNmMGE1In0=",
    "expire_date": "2017-07-31T08:02:06.298Z"
  }
},
{
  "model": "sessions.session",
  "pk": "624l89a07wbfbusw6hesiuyl8apcdz7t",
  "fields": {
    "session_data": "MGI2ODU3NjhlOTAzZDZjMjAxZWY0MTY3ZWQ2Yjg4OTE0YjA0NWU2Mzp7Il9hdXRoX3VzZXJfaWQiOiIxIiwiX2F1dGhfdXNlcl9iYWNrZW5kIjoiZGphbmdvLmNvbnRyaWIuYXV0aC5iYWNrZW5kcy5Nb2RlbEJhY2tlbmQiLCJfYXV0aF91c2VyX2hhc2giOiJkYzFiOGE0MzE0M2U4ZmUyZWU3ODY4OWQxMzNmODA0YmQyZTNmMGE1In0=",
    "expire_date": "2017-06-30T14:27:33.337Z"
  }
},
{
  "model": "sessions.session",
  "pk": "934bihv2c6fl11y6m08nz4u86o4zfogz",
  "fields": {
    "session_data": "MGI2ODU3NjhlOTAzZDZjMjAxZWY0MTY3ZWQ2Yjg4OTE0YjA0NWU2Mzp7Il9hdXRoX3VzZXJfaWQiOiIxIiwiX2F1dGhfdXNlcl9iYWNrZW5kIjoiZGphbmdvLmNvbnRyaWIuYXV0aC5iYWNrZW5kcy5Nb2RlbEJhY2tlbmQiLCJfYXV0aF91c2VyX2hhc2giOiJkYzFiOGE0MzE0M2U4ZmUyZWU3ODY4OWQxMzNmODA0YmQyZTNmMGE1In0=",
    "expire_date": "2017-10-03T12:17:49.829Z"
  }
},
{
  "model": "sessions.session",
  "pk": "d6wuf6ufbpsrbp591uw91wict9nie9x4",
  "fields": {
    "session_data": "MjQ3M2JiMGVlNDQxNmQ4YzI4NzhhZTcyYjk1OTE0MmZiNTg1NDkzYzp7Il9hdXRoX3VzZXJfaWQiOiIxIiwiX2F1dGhfdXNlcl9iYWNrZW5kIjoiZGphbmdvLmNvbnRyaWIuYXV0aC5iYWNrZW5kcy5Nb2RlbEJhY2tlbmQiLCJfYXV0aF91c2VyX2hhc2giOiIzNTA5MjQ1ZTNmOWVjYjE1OTU2ZWVlZjFjNDQ5ZTZhZWU1ZGE0MWFjIn0=",
    "expire_date": "2017-10-05T13:45:18.900Z"
  }
},
{
  "model": "sessions.session",
  "pk": "f3cq9yrv2a122g9asb1ffgm60881vgpm",
  "fields": {
    "session_data": "YWJkNTg0NGMwMTE0M2ZjYWM4NjEyNzc3MTMwY2IzMTgyZTFmMjEyYjp7Il9hdXRoX3VzZXJfYmFja2VuZCI6ImRqYW5nby5jb250cmliLmF1dGguYmFja2VuZHMuTW9kZWxCYWNrZW5kIiwiX2F1dGhfdXNlcl9pZCI6IjEiLCJfYXV0aF91c2VyX2hhc2giOiI2ZmYxODczZTI4NzU1YTNjMjhkNTA0ZThhY2Y3MDkzOWU5NTQzYzY5In0=",
    "expire_date": "2017-06-02T18:05:12.665Z"
  }
},
{
  "model": "sessions.session",
  "pk": "gi2060ea52fcoha694qhpa66u7rm6fhh",
  "fields": {
    "session_data": "MGI2ODU3NjhlOTAzZDZjMjAxZWY0MTY3ZWQ2Yjg4OTE0YjA0NWU2Mzp7Il9hdXRoX3VzZXJfaWQiOiIxIiwiX2F1dGhfdXNlcl9iYWNrZW5kIjoiZGphbmdvLmNvbnRyaWIuYXV0aC5iYWNrZW5kcy5Nb2RlbEJhY2tlbmQiLCJfYXV0aF91c2VyX2hhc2giOiJkYzFiOGE0MzE0M2U4ZmUyZWU3ODY4OWQxMzNmODA0YmQyZTNmMGE1In0=",
    "expire_date": "2017-08-27T06:14:00.961Z"
  }
},
{
  "model": "sessions.session",
  "pk": "jepmyyvlwj6l3x3ghyvz03ksksinkk2m",
  "fields": {
    "session_data": "YzFhYTI1YmZhZjBlYzgyMjdjNzJiMDU2OTMxMzU0N2RmYTQ1YmUyMzp7Il9hdXRoX3VzZXJfYmFja2VuZCI6ImRqYW5nby5jb250cmliLmF1dGguYmFja2VuZHMuTW9kZWxCYWNrZW5kIiwiX2F1dGhfdXNlcl9oYXNoIjoiNmZmMTg3M2UyODc1NWEzYzI4ZDUwNGU4YWNmNzA5MzllOTU0M2M2OSIsIl9hdXRoX3VzZXJfaWQiOiIxIn0=",
    "expire_date": "2017-05-05T06:13:31.822Z"
  }
},
{
  "model": "sessions.session",
  "pk": "n8981mhj7y93v06o9fgez93b3bmqg4gb",
  "fields": {
    "session_data": "ZWJmOTVlZmYwMmNlZjRlNDU5NGFkM2NiY2VlM2U3Mzg1ZjU4ODQwYTp7Il9hdXRoX3VzZXJfYmFja2VuZCI6ImRqYW5nby5jb250cmliLmF1dGguYmFja2VuZHMuTW9kZWxCYWNrZW5kIiwiX2F1dGhfdXNlcl9pZCI6IjEiLCJfYXV0aF91c2VyX2hhc2giOiI5MTc3NDg3ZmY2OTQ3NGU1YjQ2MWQyMDc2ZGQ4YmFhNjNjODBjNTBlIn0=",
    "expire_date": "2017-10-04T13:36:50.398Z"
  }
},
{
  "model": "sessions.session",
  "pk": "w3l7wzl6r89jmi00v0nmhvjqwchl5qr1",
  "fields": {
    "session_data": "ZWJmOTVlZmYwMmNlZjRlNDU5NGFkM2NiY2VlM2U3Mzg1ZjU4ODQwYTp7Il9hdXRoX3VzZXJfYmFja2VuZCI6ImRqYW5nby5jb250cmliLmF1dGguYmFja2VuZHMuTW9kZWxCYWNrZW5kIiwiX2F1dGhfdXNlcl9pZCI6IjEiLCJfYXV0aF91c2VyX2hhc2giOiI5MTc3NDg3ZmY2OTQ3NGU1YjQ2MWQyMDc2ZGQ4YmFhNjNjODBjNTBlIn0=",
    "expire_date": "2017-10-04T13:36:31.968Z"
  }
},
{
  "model": "carts.modell",
  "pk": 1,
  "fields": {
    "modell": "Canon 725"
  }
},
{
  "model": "carts.modell",
  "pk": 2,
  "fields": {
    "modell": "Canon FX10"
  }
},
{
  "model": "carts.modell",
  "pk": 3,
  "fields": {
    "modell": "Canon 728"
  }
},
{
  "model": "carts.modell",
  "pk": 4,
  "fields": {
    "modell": "Canon 303"
  }
},
{
  "model": "carts.modell",
  "pk": 5,
  "fields": {
    "modell": "Canon 712"
  }
},
{
  "model": "carts.modell",
  "pk": 6,
  "fields": {
    "modell": "Canon 712 Starter"
  }
},
{
  "model": "carts.modell",
  "pk": 7,
  "fields": {
    "modell": "Canon 728 Starter"
  }
},
{
  "model": "carts.modell",
  "pk": 8,
  "fields": {
    "modell": "Canon 725 Starter"
  }
},
{
  "model": "carts.modell",
  "pk": 9,
  "fields": {
    "modell": "Canon FC"
  }
},
{
  "model": "carts.modell",
  "pk": 10,
  "fields": {
    "modell": "E-CRG712 (712)"
  }
},
{
  "model": "carts.modell",
  "pk": 11,
  "fields": {
    "modell": "HP 35A (712)"
  }
},
{
  "model": "carts.modell",
  "pk": 12,
  "fields": {
    "modell": "HP 85A (725)"
  }
},
{
  "model": "carts.modell",
  "pk": 13,
  "fields": {
    "modell": "Patron FX10"
  }
},
{
  "model": "carts.modell",
  "pk": 14,
  "fields": {
    "modell": "Samsung MLT-D101S"
  }
},
{
  "model": "carts.modell",
  "pk": 15,
  "fields": {
    "modell": "Samsung MLT-D108S"
  }
},
{
  "model": "carts.num",
  "pk": 7,
  "fields": {
    "num": 184,
    "modell": 3
  }
},
{
  "model": "carts.num",
  "pk": 8,
  "fields": {
    "num": 123,
    "modell": 1
  }
},
{
  "model": "carts.num",
  "pk": 9,
  "fields": {
    "num": 32,
    "modell": 8
  }
},
{
  "model": "carts.num",
  "pk": 10,
  "fields": {
    "num": 33,
    "modell": 6
  }
},
{
  "model": "carts.num",
  "pk": 11,
  "fields": {
    "num": 102,
    "modell": 8
  }
},
{
  "model": "carts.num",
  "pk": 12,
  "fields": {
    "num": 103,
    "modell": 1
  }
},
{
  "model": "carts.num",
  "pk": 13,
  "fields": {
    "num": 104,
    "modell": 8
  }
},
{
  "model": "carts.num",
  "pk": 14,
  "fields": {
    "num": 105,
    "modell": 1
  }
},
{
  "model": "carts.num",
  "pk": 15,
  "fields": {
    "num": 110,
    "modell": 1
  }
},
{
  "model": "carts.num",
  "pk": 16,
  "fields": {
    "num": 121,
    "modell": 14
  }
},
{
  "model": "carts.num",
  "pk": 17,
  "fields": {
    "num": 124,
    "modell": 1
  }
},
{
  "model": "carts.num",
  "pk": 18,
  "fields": {
    "num": 128,
    "modell": 11
  }
},
{
  "model": "carts.num",
  "pk": 19,
  "fields": {
    "num": 129,
    "modell": 5
  }
},
{
  "model": "carts.num",
  "pk": 20,
  "fields": {
    "num": 131,
    "modell": 5
  }
},
{
  "model": "carts.num",
  "pk": 21,
  "fields": {
    "num": 132,
    "modell": 2
  }
},
{
  "model": "carts.num",
  "pk": 22,
  "fields": {
    "num": 133,
    "modell": 2
  }
},
{
  "model": "carts.num",
  "pk": 23,
  "fields": {
    "num": 134,
    "modell": 5
  }
},
{
  "model": "carts.num",
  "pk": 24,
  "fields": {
    "num": 136,
    "modell": 5
  }
},
{
  "model": "carts.num",
  "pk": 25,
  "fields": {
    "num": 137,
    "modell": 6
  }
},
{
  "model": "carts.num",
  "pk": 26,
  "fields": {
    "num": 140,
    "modell": 3
  }
},
{
  "model": "carts.num",
  "pk": 27,
  "fields": {
    "num": 141,
    "modell": 4
  }
},
{
  "model": "carts.num",
  "pk": 28,
  "fields": {
    "num": 142,
    "modell": 2
  }
},
{
  "model": "carts.num",
  "pk": 29,
  "fields": {
    "num": 143,
    "modell": 2
  }
},
{
  "model": "carts.num",
  "pk": 30,
  "fields": {
    "num": 147,
    "modell": 4
  }
},
{
  "model": "carts.num",
  "pk": 31,
  "fields": {
    "num": 148,
    "modell": 4
  }
},
{
  "model": "carts.num",
  "pk": 32,
  "fields": {
    "num": 153,
    "modell": 7
  }
},
{
  "model": "carts.num",
  "pk": 33,
  "fields": {
    "num": 159,
    "modell": 8
  }
},
{
  "model": "carts.num",
  "pk": 34,
  "fields": {
    "num": 160,
    "modell": 10
  }
},
{
  "model": "carts.num",
  "pk": 35,
  "fields": {
    "num": 162,
    "modell": 3
  }
},
{
  "model": "carts.num",
  "pk": 36,
  "fields": {
    "num": 163,
    "modell": 3
  }
},
{
  "model": "carts.num",
  "pk": 37,
  "fields": {
    "num": 164,
    "modell": 3
  }
},
{
  "model": "carts.num",
  "pk": 38,
  "fields": {
    "num": 166,
    "modell": 8
  }
},
{
  "model": "carts.num",
  "pk": 39,
  "fields": {
    "num": 168,
    "modell": 1
  }
},
{
  "model": "carts.num",
  "pk": 40,
  "fields": {
    "num": 169,
    "modell": 1
  }
},
{
  "model": "carts.num",
  "pk": 41,
  "fields": {
    "num": 170,
    "modell": 1
  }
},
{
  "model": "carts.num",
  "pk": 42,
  "fields": {
    "num": 171,
    "modell": 8
  }
},
{
  "model": "carts.num",
  "pk": 43,
  "fields": {
    "num": 172,
    "modell": 8
  }
},
{
  "model": "carts.num",
  "pk": 44,
  "fields": {
    "num": 173,
    "modell": 1
  }
},
{
  "model": "carts.num",
  "pk": 45,
  "fields": {
    "num": 174,
    "modell": 7
  }
},
{
  "model": "carts.num",
  "pk": 46,
  "fields": {
    "num": 175,
    "modell": 8
  }
},
{
  "model": "carts.num",
  "pk": 47,
  "fields": {
    "num": 178,
    "modell": 11
  }
},
{
  "model": "carts.num",
  "pk": 48,
  "fields": {
    "num": 179,
    "modell": 11
  }
},
{
  "model": "carts.num",
  "pk": 49,
  "fields": {
    "num": 180,
    "modell": 11
  }
},
{
  "model": "carts.num",
  "pk": 50,
  "fields": {
    "num": 182,
    "modell": 3
  }
},
{
  "model": "carts.num",
  "pk": 51,
  "fields": {
    "num": 183,
    "modell": 3
  }
},
{
  "model": "carts.num",
  "pk": 52,
  "fields": {
    "num": 185,
    "modell": 3
  }
},
{
  "model": "carts.num",
  "pk": 53,
  "fields": {
    "num": 186,
    "modell": 3
  }
},
{
  "model": "carts.num",
  "pk": 54,
  "fields": {
    "num": 187,
    "modell": 3
  }
},
{
  "model": "carts.num",
  "pk": 55,
  "fields": {
    "num": 188,
    "modell": 4
  }
},
{
  "model": "carts.num",
  "pk": 56,
  "fields": {
    "num": 189,
    "modell": 4
  }
},
{
  "model": "carts.num",
  "pk": 57,
  "fields": {
    "num": 190,
    "modell": 2
  }
},
{
  "model": "carts.num",
  "pk": 58,
  "fields": {
    "num": 191,
    "modell": 3
  }
},
{
  "model": "carts.num",
  "pk": 59,
  "fields": {
    "num": 192,
    "modell": 12
  }
},
{
  "model": "carts.num",
  "pk": 60,
  "fields": {
    "num": 196,
    "modell": 11
  }
},
{
  "model": "carts.num",
  "pk": 61,
  "fields": {
    "num": 202,
    "modell": 13
  }
},
{
  "model": "carts.num",
  "pk": 62,
  "fields": {
    "num": 203,
    "modell": 13
  }
},
{
  "model": "carts.num",
  "pk": 63,
  "fields": {
    "num": 204,
    "modell": 13
  }
},
{
  "model": "carts.num",
  "pk": 64,
  "fields": {
    "num": 205,
    "modell": 9
  }
},
{
  "model": "carts.num",
  "pk": 65,
  "fields": {
    "num": 206,
    "modell": 9
  }
},
{
  "model": "carts.num",
  "pk": 66,
  "fields": {
    "num": 207,
    "modell": 9
  }
},
{
  "model": "carts.num",
  "pk": 67,
  "fields": {
    "num": 176,
    "modell": 12
  }
},
{
  "model": "carts.status",
  "pk": 1,
  "fields": {
    "status": "\u0412 \u0440\u0430\u0431\u043e\u0442\u0435"
  }
},
{
  "model": "carts.status",
  "pk": 2,
  "fields": {
    "status": "\u041f\u0440\u0438\u0435\u0445\u0430\u043b"
  }
},
{
  "model": "carts.status",
  "pk": 3,
  "fields": {
    "status": "\u0423\u0435\u0445\u0430\u043b"
  }
},
{
  "model": "carts.place",
  "pk": 1,
  "fields": {
    "place": "\u0421\u043a\u043b\u0430\u0434"
  }
},
{
  "model": "carts.place",
  "pk": 2,
  "fields": {
    "place": "\u0421\u0435\u0440\u0432\u0438\u0441"
  }
},
{
  "model": "carts.place",
  "pk": 3,
  "fields": {
    "place": "\u0413\u043e\u0440\u044b\u0447\u0430 \u043b\u0430\u0431\u043e\u0440\u0430\u0442\u043e\u0440\u0438\u044f \u0436\u0438\u0434\u043a\u0438\u0435"
  }
},
{
  "model": "carts.place",
  "pk": 4,
  "fields": {
    "place": "\u0413\u043e\u0440\u044b\u0447\u0430 \u043b\u0430\u0431\u043e\u0440\u0430\u0442\u043e\u0440\u0438\u044f \u0442\u0435\u0445"
  }
},
{
  "model": "carts.place",
  "pk": 5,
  "fields": {
    "place": "\u0422\u0440\u0430\u043d\u0441\u043f\u043e\u0440\u0442\u043d\u044b\u0439"
  }
},
{
  "model": "carts.place",
  "pk": 6,
  "fields": {
    "place": "\u0417 1 \u044d\u0442\u0430\u0436"
  }
},
{
  "model": "carts.place",
  "pk": 7,
  "fields": {
    "place": "\u0417 1 \u044d\u0442\u0430\u0436 \u0427\u0430\u0431\u0430\u043d"
  }
},
{
  "model": "carts.place",
  "pk": 8,
  "fields": {
    "place": "\u0417 1 \u044d\u0442\u0430\u0436 \u0428\u0430\u043f\u043a\u0430"
  }
},
{
  "model": "carts.place",
  "pk": 9,
  "fields": {
    "place": "\u0417 2 \u044d\u0442\u0430\u0436 \u0414\u044f\u0434\u044e\u043d"
  }
},
{
  "model": "carts.place",
  "pk": 10,
  "fields": {
    "place": "\u0417 2 \u044d\u0442\u0430\u0436 \u0420\u043e\u043c\u0430\u0448\u043e\u0432"
  }
},
{
  "model": "carts.place",
  "pk": 11,
  "fields": {
    "place": "\u0421\u0411"
  }
},
{
  "model": "carts.place",
  "pk": 12,
  "fields": {
    "place": "\u0417 3 \u044d\u0442\u0430\u0436 \u0441\u0435\u043a\u0440\u0435\u0442\u0430\u0440\u044c"
  }
},
{
  "model": "carts.place",
  "pk": 13,
  "fields": {
    "place": "\u0411\u0443\u0445\u0433\u0430\u043b\u0442\u0435\u0440\u0438\u044f \u041c\u0424\u0423"
  }
},
{
  "model": "carts.place",
  "pk": 14,
  "fields": {
    "place": "\u0411\u0443\u0445\u0433\u0430\u043b\u0442\u0435\u0440\u0438\u044f \u041d\u0435\u0441\u0442\u0435\u0440\u0435\u043d\u043a\u043e"
  }
},
{
  "model": "carts.place",
  "pk": 15,
  "fields": {
    "place": "\u0411\u0443\u0445\u0433\u0430\u043b\u0442\u0435\u0440\u0438\u044f \u0413\u0440\u0438\u0433\u043e\u0440"
  }
},
{
  "model": "carts.place",
  "pk": 16,
  "fields": {
    "place": "\u0411\u0443\u0445\u0433\u0430\u043b\u0442\u0435\u0440\u0438\u044f \u0428\u0435\u0440\u0435\u043c\u0435\u0442"
  }
},
{
  "model": "carts.place",
  "pk": 17,
  "fields": {
    "place": "\u0417 3 \u044d\u0442\u0430\u0436 \u041e\u041f"
  }
},
{
  "model": "carts.place",
  "pk": 18,
  "fields": {
    "place": "\u0413\u043e\u0440\u044b\u0447\u0430 \u041a\u0440\u0430\u0432\u0447\u0435\u043d\u043a\u043e"
  }
},
{
  "model": "carts.place",
  "pk": 19,
  "fields": {
    "place": "\u0413\u043e\u0440\u044b\u0447\u0430 \u0412\u0435\u0440\u0430"
  }
},
{
  "model": "carts.place",
  "pk": 20,
  "fields": {
    "place": "\u0413\u043e\u0440\u044b\u0447\u0430 \u0412\u0438\u0442\u044f"
  }
},
{
  "model": "carts.place",
  "pk": 21,
  "fields": {
    "place": "\u0413\u043e\u0440\u044b\u0447\u0430 \u0441\u0442\u043e\u043b\u043e\u0432\u0430\u044f"
  }
},
{
  "model": "carts.place",
  "pk": 22,
  "fields": {
    "place": "\u0413\u043e\u0440\u044b\u0447\u0430 \u0441\u0435\u043a\u0440\u0435\u0442\u0430\u0440\u044c"
  }
},
{
  "model": "carts.place",
  "pk": 23,
  "fields": {
    "place": "\u0421\u043e\u043a\u043e\u043b\u043e\u0432"
  }
},
{
  "model": "carts.place",
  "pk": 24,
  "fields": {
    "place": "\u041e\u043f\u0435\u0440\u0430\u0442\u043e\u0440\u043d\u0430\u044f"
  }
},
{
  "model": "carts.place",
  "pk": 25,
  "fields": {
    "place": "\u0422\u0440\u0430\u043d\u0441\u043f\u043e\u0440\u0442\u043d\u044b\u0439"
  }
},
{
  "model": "carts.place",
  "pk": 26,
  "fields": {
    "place": "\u041b\u0430\u0431\u0430 \u0416\u0438\u0434\u043a\u0438\u0435"
  }
},
{
  "model": "carts.place",
  "pk": 27,
  "fields": {
    "place": "\u041b\u0430\u0431\u0430 \u0421\u0443\u0445\u0438\u0435"
  }
},
{
  "model": "carts.place",
  "pk": 28,
  "fields": {
    "place": "\u041b\u0430\u0431\u0430 \u0442\u0435\u0445\u043e\u0442\u0434\u0435\u043b"
  }
},
{
  "model": "carts.cartridge",
  "pk": 56,
  "fields": {
    "num": 9,
    "fill_count": 3,
    "status": 2,
    "place": 1,
    "last_datetime": "2017-09-21T18:22:44.793Z"
  }
},
{
  "model": "carts.cartridge",
  "pk": 57,
  "fields": {
    "num": 10,
    "fill_count": 0,
    "status": 2,
    "place": 1,
    "last_datetime": "2017-09-21T18:22:44.924Z"
  }
},
{
  "model": "carts.cartridge",
  "pk": 58,
  "fields": {
    "num": 11,
    "fill_count": 3,
    "status": 2,
    "place": 1,
    "last_datetime": "2017-09-21T18:22:45.057Z"
  }
},
{
  "model": "carts.cartridge",
  "pk": 59,
  "fields": {
    "num": 12,
    "fill_count": 3,
    "status": 2,
    "place": 1,
    "last_datetime": "2017-09-21T18:22:45.189Z"
  }
},
{
  "model": "carts.cartridge",
  "pk": 60,
  "fields": {
    "num": 13,
    "fill_count": 2,
    "status": 2,
    "place": 1,
    "last_datetime": "2017-09-21T18:22:45.331Z"
  }
},
{
  "model": "carts.cartridge",
  "pk": 61,
  "fields": {
    "num": 14,
    "fill_count": 3,
    "status": 2,
    "place": 1,
    "last_datetime": "2017-09-21T18:22:45.471Z"
  }
},
{
  "model": "carts.cartridge",
  "pk": 62,
  "fields": {
    "num": 15,
    "fill_count": 3,
    "status": 2,
    "place": 1,
    "last_datetime": "2017-09-21T18:22:45.612Z"
  }
},
{
  "model": "carts.cartridge",
  "pk": 63,
  "fields": {
    "num": 16,
    "fill_count": 0,
    "status": 2,
    "place": 1,
    "last_datetime": "2017-09-21T18:22:45.747Z"
  }
},
{
  "model": "carts.cartridge",
  "pk": 64,
  "fields": {
    "num": 8,
    "fill_count": 0,
    "status": 2,
    "place": 1,
    "last_datetime": "2017-09-21T18:22:45.896Z"
  }
},
{
  "model": "carts.cartridge",
  "pk": 65,
  "fields": {
    "num": 17,
    "fill_count": 3,
    "status": 2,
    "place": 1,
    "last_datetime": "2017-09-21T18:22:46.043Z"
  }
},
{
  "model": "carts.cartridge",
  "pk": 66,
  "fields": {
    "num": 18,
    "fill_count": 3,
    "status": 2,
    "place": 1,
    "last_datetime": "2017-09-21T18:22:46.168Z"
  }
},
{
  "model": "carts.cartridge",
  "pk": 67,
  "fields": {
    "num": 19,
    "fill_count": 0,
    "status": 2,
    "place": 1,
    "last_datetime": "2017-09-21T18:22:46.309Z"
  }
},
{
  "model": "carts.cartridge",
  "pk": 68,
  "fields": {
    "num": 20,
    "fill_count": 5,
    "status": 2,
    "place": 1,
    "last_datetime": "2017-09-21T18:22:46.425Z"
  }
},
{
  "model": "carts.cartridge",
  "pk": 69,
  "fields": {
    "num": 21,
    "fill_count": 5,
    "status": 2,
    "place": 1,
    "last_datetime": "2017-09-22T10:24:51.951Z"
  }
},
{
  "model": "carts.cartridge",
  "pk": 70,
  "fields": {
    "num": 22,
    "fill_count": 2,
    "status": 2,
    "place": 1,
    "last_datetime": "2017-09-21T18:22:46.690Z"
  }
},
{
  "model": "carts.cartridge",
  "pk": 71,
  "fields": {
    "num": 23,
    "fill_count": 3,
    "status": 2,
    "place": 1,
    "last_datetime": "2017-09-21T18:22:46.824Z"
  }
},
{
  "model": "carts.cartridge",
  "pk": 72,
  "fields": {
    "num": 24,
    "fill_count": 2,
    "status": 2,
    "place": 1,
    "last_datetime": "2017-09-21T18:22:46.964Z"
  }
},
{
  "model": "carts.cartridge",
  "pk": 73,
  "fields": {
    "num": 25,
    "fill_count": 4,
    "status": 2,
    "place": 1,
    "last_datetime": "2017-09-21T18:22:47.114Z"
  }
},
{
  "model": "carts.cartridge",
  "pk": 74,
  "fields": {
    "num": 26,
    "fill_count": 8,
    "status": 2,
    "place": 1,
    "last_datetime": "2017-09-21T18:22:47.248Z"
  }
},
{
  "model": "carts.cartridge",
  "pk": 75,
  "fields": {
    "num": 27,
    "fill_count": 5,
    "status": 1,
    "place": 9,
    "last_datetime": "2017-09-22T10:44:11.094Z"
  }
},
{
  "model": "carts.cartridge",
  "pk": 76,
  "fields": {
    "num": 28,
    "fill_count": 3,
    "status": 2,
    "place": 1,
    "last_datetime": "2017-09-21T18:22:47.520Z"
  }
},
{
  "model": "carts.cartridge",
  "pk": 77,
  "fields": {
    "num": 29,
    "fill_count": 2,
    "status": 2,
    "place": 1,
    "last_datetime": "2017-09-21T18:22:47.652Z"
  }
},
{
  "model": "carts.cartridge",
  "pk": 78,
  "fields": {
    "num": 30,
    "fill_count": 5,
    "status": 2,
    "place": 1,
    "last_datetime": "2017-09-21T18:22:47.785Z"
  }
},
{
  "model": "carts.cartridge",
  "pk": 79,
  "fields": {
    "num": 31,
    "fill_count": 6,
    "status": 2,
    "place": 1,
    "last_datetime": "2017-09-21T18:22:47.919Z"
  }
},
{
  "model": "carts.cartridge",
  "pk": 80,
  "fields": {
    "num": 32,
    "fill_count": 4,
    "status": 2,
    "place": 1,
    "last_datetime": "2017-09-21T18:22:48.053Z"
  }
},
{
  "model": "carts.cartridge",
  "pk": 81,
  "fields": {
    "num": 33,
    "fill_count": 2,
    "status": 2,
    "place": 1,
    "last_datetime": "2017-09-21T18:22:48.192Z"
  }
},
{
  "model": "carts.cartridge",
  "pk": 82,
  "fields": {
    "num": 34,
    "fill_count": 1,
    "status": 2,
    "place": 1,
    "last_datetime": "2017-09-21T18:22:48.329Z"
  }
},
{
  "model": "carts.cartridge",
  "pk": 83,
  "fields": {
    "num": 35,
    "fill_count": 7,
    "status": 2,
    "place": 1,
    "last_datetime": "2017-09-21T18:22:48.482Z"
  }
},
{
  "model": "carts.cartridge",
  "pk": 84,
  "fields": {
    "num": 36,
    "fill_count": 6,
    "status": 2,
    "place": 1,
    "last_datetime": "2017-09-21T18:22:48.616Z"
  }
},
{
  "model": "carts.cartridge",
  "pk": 85,
  "fields": {
    "num": 37,
    "fill_count": 4,
    "status": 2,
    "place": 1,
    "last_datetime": "2017-09-21T18:22:48.791Z"
  }
},
{
  "model": "carts.cartridge",
  "pk": 86,
  "fields": {
    "num": 38,
    "fill_count": 1,
    "status": 2,
    "place": 1,
    "last_datetime": "2017-09-21T18:22:48.940Z"
  }
},
{
  "model": "carts.cartridge",
  "pk": 87,
  "fields": {
    "num": 39,
    "fill_count": 5,
    "status": 2,
    "place": 1,
    "last_datetime": "2017-09-21T18:22:49.072Z"
  }
},
{
  "model": "carts.cartridge",
  "pk": 88,
  "fields": {
    "num": 40,
    "fill_count": 1,
    "status": 2,
    "place": 1,
    "last_datetime": "2017-09-21T18:22:49.205Z"
  }
},
{
  "model": "carts.cartridge",
  "pk": 89,
  "fields": {
    "num": 41,
    "fill_count": 4,
    "status": 2,
    "place": 1,
    "last_datetime": "2017-09-21T18:22:49.337Z"
  }
},
{
  "model": "carts.cartridge",
  "pk": 90,
  "fields": {
    "num": 42,
    "fill_count": 1,
    "status": 2,
    "place": 1,
    "last_datetime": "2017-09-21T18:22:49.452Z"
  }
},
{
  "model": "carts.cartridge",
  "pk": 91,
  "fields": {
    "num": 43,
    "fill_count": 1,
    "status": 2,
    "place": 1,
    "last_datetime": "2017-09-21T18:22:49.585Z"
  }
},
{
  "model": "carts.cartridge",
  "pk": 92,
  "fields": {
    "num": 44,
    "fill_count": 0,
    "status": 2,
    "place": 1,
    "last_datetime": "2017-09-21T18:22:49.709Z"
  }
},
{
  "model": "carts.cartridge",
  "pk": 93,
  "fields": {
    "num": 45,
    "fill_count": 5,
    "status": 3,
    "place": 2,
    "last_datetime": "2017-09-22T10:44:46.321Z"
  }
},
{
  "model": "carts.cartridge",
  "pk": 94,
  "fields": {
    "num": 46,
    "fill_count": 0,
    "status": 2,
    "place": 1,
    "last_datetime": "2017-09-21T18:22:49.950Z"
  }
},
{
  "model": "carts.cartridge",
  "pk": 95,
  "fields": {
    "num": 67,
    "fill_count": 5,
    "status": 2,
    "place": 1,
    "last_datetime": "2017-09-21T18:22:50.067Z"
  }
},
{
  "model": "carts.cartridge",
  "pk": 96,
  "fields": {
    "num": 47,
    "fill_count": 3,
    "status": 2,
    "place": 1,
    "last_datetime": "2017-09-21T18:22:50.182Z"
  }
},
{
  "model": "carts.cartridge",
  "pk": 97,
  "fields": {
    "num": 48,
    "fill_count": 3,
    "status": 2,
    "place": 1,
    "last_datetime": "2017-09-21T18:22:50.318Z"
  }
},
{
  "model": "carts.cartridge",
  "pk": 98,
  "fields": {
    "num": 49,
    "fill_count": 4,
    "status": 2,
    "place": 1,
    "last_datetime": "2017-09-21T18:22:50.472Z"
  }
},
{
  "model": "carts.cartridge",
  "pk": 99,
  "fields": {
    "num": 50,
    "fill_count": 9,
    "status": 1,
    "place": 10,
    "last_datetime": "2017-09-22T10:38:42.446Z"
  }
},
{
  "model": "carts.cartridge",
  "pk": 100,
  "fields": {
    "num": 51,
    "fill_count": 7,
    "status": 2,
    "place": 1,
    "last_datetime": "2017-09-21T18:22:50.721Z"
  }
},
{
  "model": "carts.cartridge",
  "pk": 101,
  "fields": {
    "num": 7,
    "fill_count": 8,
    "status": 2,
    "place": 1,
    "last_datetime": "2017-09-21T18:22:50.845Z"
  }
},
{
  "model": "carts.cartridge",
  "pk": 102,
  "fields": {
    "num": 52,
    "fill_count": 6,
    "status": 2,
    "place": 1,
    "last_datetime": "2017-09-21T18:22:50.962Z"
  }
},
{
  "model": "carts.cartridge",
  "pk": 103,
  "fields": {
    "num": 53,
    "fill_count": 2,
    "status": 2,
    "place": 1,
    "last_datetime": "2017-09-21T18:22:51.078Z"
  }
},
{
  "model": "carts.cartridge",
  "pk": 104,
  "fields": {
    "num": 54,
    "fill_count": 3,
    "status": 2,
    "place": 1,
    "last_datetime": "2017-09-21T18:22:51.210Z"
  }
},
{
  "model": "carts.cartridge",
  "pk": 105,
  "fields": {
    "num": 55,
    "fill_count": 8,
    "status": 2,
    "place": 1,
    "last_datetime": "2017-09-21T18:22:51.327Z"
  }
},
{
  "model": "carts.cartridge",
  "pk": 106,
  "fields": {
    "num": 56,
    "fill_count": 6,
    "status": 2,
    "place": 1,
    "last_datetime": "2017-09-21T18:22:51.435Z"
  }
},
{
  "model": "carts.cartridge",
  "pk": 107,
  "fields": {
    "num": 57,
    "fill_count": 2,
    "status": 2,
    "place": 1,
    "last_datetime": "2017-09-21T18:22:51.559Z"
  }
},
{
  "model": "carts.cartridge",
  "pk": 108,
  "fields": {
    "num": 58,
    "fill_count": 2,
    "status": 2,
    "place": 1,
    "last_datetime": "2017-09-21T18:22:51.675Z"
  }
},
{
  "model": "carts.cartridge",
  "pk": 109,
  "fields": {
    "num": 59,
    "fill_count": 0,
    "status": 2,
    "place": 1,
    "last_datetime": "2017-09-21T18:22:51.800Z"
  }
},
{
  "model": "carts.cartridge",
  "pk": 110,
  "fields": {
    "num": 60,
    "fill_count": 5,
    "status": 2,
    "place": 1,
    "last_datetime": "2017-09-21T18:22:51.924Z"
  }
},
{
  "model": "carts.cartridge",
  "pk": 111,
  "fields": {
    "num": 61,
    "fill_count": 3,
    "status": 2,
    "place": 1,
    "last_datetime": "2017-09-21T18:22:52.049Z"
  }
},
{
  "model": "carts.cartridge",
  "pk": 112,
  "fields": {
    "num": 62,
    "fill_count": 2,
    "status": 2,
    "place": 1,
    "last_datetime": "2017-09-21T18:22:52.173Z"
  }
},
{
  "model": "carts.cartridge",
  "pk": 113,
  "fields": {
    "num": 63,
    "fill_count": 3,
    "status": 2,
    "place": 1,
    "last_datetime": "2017-09-21T18:22:52.297Z"
  }
},
{
  "model": "carts.cartridge",
  "pk": 114,
  "fields": {
    "num": 64,
    "fill_count": 1,
    "status": 2,
    "place": 1,
    "last_datetime": "2017-09-22T10:18:44.635Z"
  }
},
{
  "model": "carts.cartridge",
  "pk": 115,
  "fields": {
    "num": 65,
    "fill_count": 1,
    "status": 2,
    "place": 1,
    "last_datetime": "2017-09-22T10:18:44.373Z"
  }
},
{
  "model": "carts.cartridge",
  "pk": 116,
  "fields": {
    "num": 66,
    "fill_count": 0,
    "status": 2,
    "place": 1,
    "last_datetime": "2017-09-21T18:22:52.653Z"
  }
},
{
  "model": "carts.events",
  "pk": 1,
  "fields": {
    "date": "2017-09-20T13:41:32.964Z",
    "num": 7,
    "status": 3,
    "place": 2,
    "comment": "",
    "deleted": false
  }
},
{
  "model": "carts.events",
  "pk": 2,
  "fields": {
    "date": "2017-09-20T13:44:27.296Z",
    "num": 8,
    "status": 3,
    "place": 2,
    "comment": "",
    "deleted": false
  }
},
{
  "model": "carts.events",
  "pk": 3,
  "fields": {
    "date": "2017-09-21T06:32:15.385Z",
    "num": 15,
    "status": 3,
    "place": 2,
    "comment": "",
    "deleted": false
  }
},
{
  "model": "carts.events",
  "pk": 4,
  "fields": {
    "date": "2017-09-21T06:32:40.935Z",
    "num": 15,
    "status": 2,
    "place": 1,
    "comment": "",
    "deleted": false
  }
},
{
  "model": "carts.events",
  "pk": 5,
  "fields": {
    "date": "2017-09-21T07:03:35.470Z",
    "num": 45,
    "status": 3,
    "place": 2,
    "comment": "",
    "deleted": false
  }
},
{
  "model": "carts.events",
  "pk": 6,
  "fields": {
    "date": "2017-09-21T07:15:57.829Z",
    "num": 27,
    "status": 1,
    "place": 9,
    "comment": "",
    "deleted": false
  }
},
{
  "model": "carts.events",
  "pk": 7,
  "fields": {
    "date": "2017-09-21T07:16:10.614Z",
    "num": 50,
    "status": 1,
    "place": 10,
    "comment": "",
    "deleted": false
  }
},
{
  "model": "carts.events",
  "pk": 8,
  "fields": {
    "date": "2017-09-21T10:52:01.920Z",
    "num": 67,
    "status": 2,
    "place": 1,
    "comment": "",
    "deleted": false
  }
},
{
  "model": "carts.events",
  "pk": 9,
  "fields": {
    "date": "2017-09-22T10:18:44.499Z",
    "num": 65,
    "status": 2,
    "place": 1,
    "comment": "",
    "deleted": false
  }
},
{
  "model": "carts.events",
  "pk": 10,
  "fields": {
    "date": "2017-09-22T10:18:44.763Z",
    "num": 64,
    "status": 2,
    "place": 1,
    "comment": "",
    "deleted": false
  }
},
{
  "model": "carts.events",
  "pk": 11,
  "fields": {
    "date": "2017-09-22T10:24:52.075Z",
    "num": 21,
    "status": 2,
    "place": 1,
    "comment": "",
    "deleted": false
  }
},
{
  "model": "admin.logentry",
  "pk": 1,
  "fields": {
    "action_time": "2017-04-18T08:46:56.942Z",
    "user": 1,
    "content_type": 13,
    "object_id": "1",
    "object_repr": "\u0423\u0435\u0445\u0430\u043b",
    "action_flag": 1,
    "change_message": "[{\"added\": {}}]"
  }
},
{
  "model": "admin.logentry",
  "pk": 2,
  "fields": {
    "action_time": "2017-04-18T08:47:01.607Z",
    "user": 1,
    "content_type": 13,
    "object_id": "2",
    "object_repr": "\u0412 \u0440\u0430\u0431\u043e\u0442\u0435",
    "action_flag": 1,
    "change_message": "[{\"added\": {}}]"
  }
},
{
  "model": "admin.logentry",
  "pk": 3,
  "fields": {
    "action_time": "2017-04-18T08:47:11.271Z",
    "user": 1,
    "content_type": 13,
    "object_id": "3",
    "object_repr": "\u041f\u0440\u0438\u0435\u0445\u0430",
    "action_flag": 1,
    "change_message": "[{\"added\": {}}]"
  }
},
{
  "model": "admin.logentry",
  "pk": 4,
  "fields": {
    "action_time": "2017-04-18T08:47:17.897Z",
    "user": 1,
    "content_type": 13,
    "object_id": "3",
    "object_repr": "\u041f\u0440\u0438\u0435\u0445\u0430\u043b",
    "action_flag": 2,
    "change_message": "[{\"changed\": {\"fields\": [\"status\"]}}]"
  }
},
{
  "model": "admin.logentry",
  "pk": 5,
  "fields": {
    "action_time": "2017-04-18T08:47:29.871Z",
    "user": 1,
    "content_type": 12,
    "object_id": "1",
    "object_repr": "\u0413\u043e\u0440\u044b\u0447\u0430 \u0412\u0435\u0440\u0430",
    "action_flag": 1,
    "change_message": "[{\"added\": {}}]"
  }
},
{
  "model": "admin.logentry",
  "pk": 6,
  "fields": {
    "action_time": "2017-04-18T08:47:33.493Z",
    "user": 1,
    "content_type": 12,
    "object_id": "2",
    "object_repr": "\u0413\u043e\u0440\u044b\u0447\u0430 \u041c\u0424\u0423 \u0412\u0438\u0442\u044f",
    "action_flag": 1,
    "change_message": "[{\"added\": {}}]"
  }
},
{
  "model": "admin.logentry",
  "pk": 7,
  "fields": {
    "action_time": "2017-04-18T08:47:38.558Z",
    "user": 1,
    "content_type": 12,
    "object_id": "3",
    "object_repr": "\u0413\u043e\u0440\u044b\u0447\u0430 \u043b\u0430\u0431\u043e\u0440\u0430\u0442\u043e\u0440\u0438\u044f \u0436\u0438\u0434\u043a\u0438\u0435",
    "action_flag": 1,
    "change_message": "[{\"added\": {}}]"
  }
},
{
  "model": "admin.logentry",
  "pk": 8,
  "fields": {
    "action_time": "2017-04-18T08:47:43.310Z",
    "user": 1,
    "content_type": 12,
    "object_id": "4",
    "object_repr": "\u0413\u043e\u0440\u044b\u0447\u0430 \u043b\u0430\u0431\u043e\u0440\u0430\u0442\u043e\u0440\u0438\u044f \u0442\u0435\u0445",
    "action_flag": 1,
    "change_message": "[{\"added\": {}}]"
  }
},
{
  "model": "admin.logentry",
  "pk": 9,
  "fields": {
    "action_time": "2017-04-18T08:47:50.533Z",
    "user": 1,
    "content_type": 12,
    "object_id": "5",
    "object_repr": "\u0422\u0440\u0430\u043d\u0441\u043f\u043e\u0440\u0442\u043d\u044b\u0439",
    "action_flag": 1,
    "change_message": "[{\"added\": {}}]"
  }
},
{
  "model": "admin.logentry",
  "pk": 10,
  "fields": {
    "action_time": "2017-04-18T08:47:54.527Z",
    "user": 1,
    "content_type": 12,
    "object_id": "6",
    "object_repr": "\u0417\u0430\u0440\u044f\u0434 1 \u044d\u0442\u0430\u0436",
    "action_flag": 1,
    "change_message": "[{\"added\": {}}]"
  }
},
{
  "model": "admin.logentry",
  "pk": 11,
  "fields": {
    "action_time": "2017-04-18T08:48:01.469Z",
    "user": 1,
    "content_type": 12,
    "object_id": "7",
    "object_repr": "\u0417\u0430\u0440\u044f\u0434 2 \u044d\u0442\u0430\u0436",
    "action_flag": 1,
    "change_message": "[{\"added\": {}}]"
  }
},
{
  "model": "admin.logentry",
  "pk": 12,
  "fields": {
    "action_time": "2017-04-18T08:48:07.693Z",
    "user": 1,
    "content_type": 12,
    "object_id": "8",
    "object_repr": "\u0417\u0430\u0440\u044f\u0434 1 \u044d\u0442\u0430\u0436 \u0427\u0430\u0431\u0430\u043d",
    "action_flag": 1,
    "change_message": "[{\"added\": {}}]"
  }
},
{
  "model": "admin.logentry",
  "pk": 13,
  "fields": {
    "action_time": "2017-04-18T08:49:07.022Z",
    "user": 1,
    "content_type": 8,
    "object_id": "1",
    "object_repr": "Canon 725",
    "action_flag": 1,
    "change_message": "[{\"added\": {}}]"
  }
},
{
  "model": "admin.logentry",
  "pk": 14,
  "fields": {
    "action_time": "2017-04-18T08:49:10.604Z",
    "user": 1,
    "content_type": 8,
    "object_id": "2",
    "object_repr": "Canon FX10",
    "action_flag": 1,
    "change_message": "[{\"added\": {}}]"
  }
},
{
  "model": "admin.logentry",
  "pk": 15,
  "fields": {
    "action_time": "2017-04-18T08:49:14.597Z",
    "user": 1,
    "content_type": 8,
    "object_id": "3",
    "object_repr": "Canon 728",
    "action_flag": 1,
    "change_message": "[{\"added\": {}}]"
  }
},
{
  "model": "admin.logentry",
  "pk": 16,
  "fields": {
    "action_time": "2017-04-18T08:49:18.498Z",
    "user": 1,
    "content_type": 8,
    "object_id": "4",
    "object_repr": "Canon 303",
    "action_flag": 1,
    "change_message": "[{\"added\": {}}]"
  }
},
{
  "model": "admin.logentry",
  "pk": 17,
  "fields": {
    "action_time": "2017-04-18T08:49:22.258Z",
    "user": 1,
    "content_type": 8,
    "object_id": "5",
    "object_repr": "Canon 712",
    "action_flag": 1,
    "change_message": "[{\"added\": {}}]"
  }
},
{
  "model": "admin.logentry",
  "pk": 18,
  "fields": {
    "action_time": "2017-04-18T08:49:25.373Z",
    "user": 1,
    "content_type": 8,
    "object_id": "6",
    "object_repr": "Canon 712 Starter",
    "action_flag": 1,
    "change_message": "[{\"added\": {}}]"
  }
},
{
  "model": "admin.logentry",
  "pk": 19,
  "fields": {
    "action_time": "2017-04-19T04:23:51.086Z",
    "user": 1,
    "content_type": 9,
    "object_id": "1",
    "object_repr": "110",
    "action_flag": 1,
    "change_message": "[{\"added\": {}}]"
  }
},
{
  "model": "admin.logentry",
  "pk": 20,
  "fields": {
    "action_time": "2017-04-19T04:24:02.952Z",
    "user": 1,
    "content_type": 9,
    "object_id": "2",
    "object_repr": "147",
    "action_flag": 1,
    "change_message": "[{\"added\": {}}]"
  }
},
{
  "model": "admin.logentry",
  "pk": 21,
  "fields": {
    "action_time": "2017-04-19T04:24:09.536Z",
    "user": 1,
    "content_type": 9,
    "object_id": "3",
    "object_repr": "148",
    "action_flag": 1,
    "change_message": "[{\"added\": {}}]"
  }
},
{
  "model": "admin.logentry",
  "pk": 22,
  "fields": {
    "action_time": "2017-04-19T04:24:15.113Z",
    "user": 1,
    "content_type": 9,
    "object_id": "4",
    "object_repr": "32",
    "action_flag": 1,
    "change_message": "[{\"added\": {}}]"
  }
},
{
  "model": "admin.logentry",
  "pk": 23,
  "fields": {
    "action_time": "2017-04-19T04:24:19.784Z",
    "user": 1,
    "content_type": 9,
    "object_id": "5",
    "object_repr": "105",
    "action_flag": 1,
    "change_message": "[{\"added\": {}}]"
  }
},
{
  "model": "admin.logentry",
  "pk": 24,
  "fields": {
    "action_time": "2017-04-19T04:24:25.905Z",
    "user": 1,
    "content_type": 9,
    "object_id": "6",
    "object_repr": "124",
    "action_flag": 1,
    "change_message": "[{\"added\": {}}]"
  }
},
{
  "model": "admin.logentry",
  "pk": 25,
  "fields": {
    "action_time": "2017-04-19T08:05:43.685Z",
    "user": 1,
    "content_type": 10,
    "object_id": "8",
    "object_repr": "148",
    "action_flag": 3,
    "change_message": ""
  }
},
{
  "model": "admin.logentry",
  "pk": 26,
  "fields": {
    "action_time": "2017-04-19T08:05:43.758Z",
    "user": 1,
    "content_type": 10,
    "object_id": "4",
    "object_repr": "105",
    "action_flag": 3,
    "change_message": ""
  }
},
{
  "model": "admin.logentry",
  "pk": 27,
  "fields": {
    "action_time": "2017-04-19T08:05:43.808Z",
    "user": 1,
    "content_type": 10,
    "object_id": "1",
    "object_repr": "110",
    "action_flag": 3,
    "change_message": ""
  }
},
{
  "model": "admin.logentry",
  "pk": 28,
  "fields": {
    "action_time": "2017-04-19T08:05:52.630Z",
    "user": 1,
    "content_type": 10,
    "object_id": "2",
    "object_repr": "147",
    "action_flag": 3,
    "change_message": ""
  }
},
{
  "model": "admin.logentry",
  "pk": 29,
  "fields": {
    "action_time": "2017-04-19T10:44:52.682Z",
    "user": 1,
    "content_type": 10,
    "object_id": "6",
    "object_repr": "147",
    "action_flag": 3,
    "change_message": ""
  }
},
{
  "model": "admin.logentry",
  "pk": 30,
  "fields": {
    "action_time": "2017-04-19T10:44:52.783Z",
    "user": 1,
    "content_type": 10,
    "object_id": "3",
    "object_repr": "110",
    "action_flag": 3,
    "change_message": ""
  }
},
{
  "model": "admin.logentry",
  "pk": 31,
  "fields": {
    "action_time": "2017-09-20T13:39:19.743Z",
    "user": 1,
    "content_type": 12,
    "object_id": "6",
    "object_repr": "124",
    "action_flag": 3,
    "change_message": ""
  }
},
{
  "model": "admin.logentry",
  "pk": 32,
  "fields": {
    "action_time": "2017-09-20T13:39:19.791Z",
    "user": 1,
    "content_type": 12,
    "object_id": "5",
    "object_repr": "105",
    "action_flag": 3,
    "change_message": ""
  }
},
{
  "model": "admin.logentry",
  "pk": 33,
  "fields": {
    "action_time": "2017-09-20T13:39:19.808Z",
    "user": 1,
    "content_type": 12,
    "object_id": "4",
    "object_repr": "32",
    "action_flag": 3,
    "change_message": ""
  }
},
{
  "model": "admin.logentry",
  "pk": 34,
  "fields": {
    "action_time": "2017-09-20T13:39:19.825Z",
    "user": 1,
    "content_type": 12,
    "object_id": "3",
    "object_repr": "148",
    "action_flag": 3,
    "change_message": ""
  }
},
{
  "model": "admin.logentry",
  "pk": 35,
  "fields": {
    "action_time": "2017-09-20T13:39:19.842Z",
    "user": 1,
    "content_type": 12,
    "object_id": "2",
    "object_repr": "147",
    "action_flag": 3,
    "change_message": ""
  }
},
{
  "model": "admin.logentry",
  "pk": 36,
  "fields": {
    "action_time": "2017-09-20T13:39:19.875Z",
    "user": 1,
    "content_type": 12,
    "object_id": "1",
    "object_repr": "110",
    "action_flag": 3,
    "change_message": ""
  }
},
{
  "model": "admin.logentry",
  "pk": 37,
  "fields": {
    "action_time": "2017-09-20T13:41:18.440Z",
    "user": 1,
    "content_type": 12,
    "object_id": "7",
    "object_repr": "184",
    "action_flag": 1,
    "change_message": "[{\"added\": {}}]"
  }
},
{
  "model": "admin.logentry",
  "pk": 38,
  "fields": {
    "action_time": "2017-09-20T13:43:09.406Z",
    "user": 1,
    "content_type": 12,
    "object_id": "8",
    "object_repr": "123",
    "action_flag": 1,
    "change_message": "[{\"added\": {}}]"
  }
},
{
  "model": "admin.logentry",
  "pk": 39,
  "fields": {
    "action_time": "2017-09-20T13:45:13.143Z",
    "user": 1,
    "content_type": 9,
    "object_id": "7",
    "object_repr": "Canon 728 Starter",
    "action_flag": 1,
    "change_message": "[{\"added\": {}}]"
  }
},
{
  "model": "admin.logentry",
  "pk": 40,
  "fields": {
    "action_time": "2017-09-20T13:45:26.318Z",
    "user": 1,
    "content_type": 9,
    "object_id": "8",
    "object_repr": "Canon 725 Starter",
    "action_flag": 1,
    "change_message": "[{\"added\": {}}]"
  }
},
{
  "model": "admin.logentry",
  "pk": 41,
  "fields": {
    "action_time": "2017-09-21T05:36:35.285Z",
    "user": 1,
    "content_type": 9,
    "object_id": "9",
    "object_repr": "Canon FC",
    "action_flag": 1,
    "change_message": "[{\"added\": {}}]"
  }
},
{
  "model": "admin.logentry",
  "pk": 42,
  "fields": {
    "action_time": "2017-09-21T05:37:07.340Z",
    "user": 1,
    "content_type": 9,
    "object_id": "10",
    "object_repr": "E-CRG712 (712)",
    "action_flag": 1,
    "change_message": "[{\"added\": {}}]"
  }
},
{
  "model": "admin.logentry",
  "pk": 43,
  "fields": {
    "action_time": "2017-09-21T05:37:14.842Z",
    "user": 1,
    "content_type": 9,
    "object_id": "11",
    "object_repr": "HP 35A (712)",
    "action_flag": 1,
    "change_message": "[{\"added\": {}}]"
  }
},
{
  "model": "admin.logentry",
  "pk": 44,
  "fields": {
    "action_time": "2017-09-21T05:37:20.207Z",
    "user": 1,
    "content_type": 9,
    "object_id": "12",
    "object_repr": "HP 85A (725)",
    "action_flag": 1,
    "change_message": "[{\"added\": {}}]"
  }
},
{
  "model": "admin.logentry",
  "pk": 45,
  "fields": {
    "action_time": "2017-09-21T05:37:25.392Z",
    "user": 1,
    "content_type": 9,
    "object_id": "13",
    "object_repr": "Patron FX10",
    "action_flag": 1,
    "change_message": "[{\"added\": {}}]"
  }
},
{
  "model": "admin.logentry",
  "pk": 46,
  "fields": {
    "action_time": "2017-09-21T05:37:30.097Z",
    "user": 1,
    "content_type": 9,
    "object_id": "14",
    "object_repr": "Samsung MLT-D101S",
    "action_flag": 1,
    "change_message": "[{\"added\": {}}]"
  }
},
{
  "model": "admin.logentry",
  "pk": 47,
  "fields": {
    "action_time": "2017-09-21T05:37:34.756Z",
    "user": 1,
    "content_type": 9,
    "object_id": "15",
    "object_repr": "Samsung MLT-D108S",
    "action_flag": 1,
    "change_message": "[{\"added\": {}}]"
  }
},
{
  "model": "admin.logentry",
  "pk": 48,
  "fields": {
    "action_time": "2017-09-21T05:40:27.676Z",
    "user": 1,
    "content_type": 12,
    "object_id": "9",
    "object_repr": "32",
    "action_flag": 1,
    "change_message": "[{\"added\": {}}]"
  }
},
{
  "model": "admin.logentry",
  "pk": 49,
  "fields": {
    "action_time": "2017-09-21T05:41:43.012Z",
    "user": 1,
    "content_type": 12,
    "object_id": "10",
    "object_repr": "33",
    "action_flag": 1,
    "change_message": "[{\"added\": {}}]"
  }
},
{
  "model": "admin.logentry",
  "pk": 50,
  "fields": {
    "action_time": "2017-09-21T05:41:51.532Z",
    "user": 1,
    "content_type": 12,
    "object_id": "11",
    "object_repr": "102",
    "action_flag": 1,
    "change_message": "[{\"added\": {}}]"
  }
},
{
  "model": "admin.logentry",
  "pk": 51,
  "fields": {
    "action_time": "2017-09-21T05:42:05.345Z",
    "user": 1,
    "content_type": 12,
    "object_id": "12",
    "object_repr": "103",
    "action_flag": 1,
    "change_message": "[{\"added\": {}}]"
  }
},
{
  "model": "admin.logentry",
  "pk": 52,
  "fields": {
    "action_time": "2017-09-21T05:43:01.684Z",
    "user": 1,
    "content_type": 12,
    "object_id": "13",
    "object_repr": "104",
    "action_flag": 1,
    "change_message": "[{\"added\": {}}]"
  }
},
{
  "model": "admin.logentry",
  "pk": 53,
  "fields": {
    "action_time": "2017-09-21T05:43:24.946Z",
    "user": 1,
    "content_type": 12,
    "object_id": "14",
    "object_repr": "105",
    "action_flag": 1,
    "change_message": "[{\"added\": {}}]"
  }
},
{
  "model": "admin.logentry",
  "pk": 54,
  "fields": {
    "action_time": "2017-09-21T05:43:33.701Z",
    "user": 1,
    "content_type": 12,
    "object_id": "15",
    "object_repr": "110",
    "action_flag": 1,
    "change_message": "[{\"added\": {}}]"
  }
},
{
  "model": "admin.logentry",
  "pk": 55,
  "fields": {
    "action_time": "2017-09-21T05:43:43.666Z",
    "user": 1,
    "content_type": 12,
    "object_id": "16",
    "object_repr": "121",
    "action_flag": 1,
    "change_message": "[{\"added\": {}}]"
  }
},
{
  "model": "admin.logentry",
  "pk": 56,
  "fields": {
    "action_time": "2017-09-21T05:43:57.731Z",
    "user": 1,
    "content_type": 12,
    "object_id": "17",
    "object_repr": "124",
    "action_flag": 1,
    "change_message": "[{\"added\": {}}]"
  }
},
{
  "model": "admin.logentry",
  "pk": 57,
  "fields": {
    "action_time": "2017-09-21T05:44:06.711Z",
    "user": 1,
    "content_type": 12,
    "object_id": "18",
    "object_repr": "128",
    "action_flag": 1,
    "change_message": "[{\"added\": {}}]"
  }
},
{
  "model": "admin.logentry",
  "pk": 58,
  "fields": {
    "action_time": "2017-09-21T05:44:12.620Z",
    "user": 1,
    "content_type": 12,
    "object_id": "19",
    "object_repr": "129",
    "action_flag": 1,
    "change_message": "[{\"added\": {}}]"
  }
},
{
  "model": "admin.logentry",
  "pk": 59,
  "fields": {
    "action_time": "2017-09-21T05:44:18.596Z",
    "user": 1,
    "content_type": 12,
    "object_id": "20",
    "object_repr": "131",
    "action_flag": 1,
    "change_message": "[{\"added\": {}}]"
  }
},
{
  "model": "admin.logentry",
  "pk": 60,
  "fields": {
    "action_time": "2017-09-21T05:44:26.422Z",
    "user": 1,
    "content_type": 12,
    "object_id": "21",
    "object_repr": "132",
    "action_flag": 1,
    "change_message": "[{\"added\": {}}]"
  }
},
{
  "model": "admin.logentry",
  "pk": 61,
  "fields": {
    "action_time": "2017-09-21T05:44:34.816Z",
    "user": 1,
    "content_type": 12,
    "object_id": "22",
    "object_repr": "133",
    "action_flag": 1,
    "change_message": "[{\"added\": {}}]"
  }
},
{
  "model": "admin.logentry",
  "pk": 62,
  "fields": {
    "action_time": "2017-09-21T05:44:41.580Z",
    "user": 1,
    "content_type": 12,
    "object_id": "23",
    "object_repr": "134",
    "action_flag": 1,
    "change_message": "[{\"added\": {}}]"
  }
},
{
  "model": "admin.logentry",
  "pk": 63,
  "fields": {
    "action_time": "2017-09-21T05:44:46.100Z",
    "user": 1,
    "content_type": 12,
    "object_id": "24",
    "object_repr": "136",
    "action_flag": 1,
    "change_message": "[{\"added\": {}}]"
  }
},
{
  "model": "admin.logentry",
  "pk": 64,
  "fields": {
    "action_time": "2017-09-21T05:44:52.193Z",
    "user": 1,
    "content_type": 12,
    "object_id": "25",
    "object_repr": "137",
    "action_flag": 1,
    "change_message": "[{\"added\": {}}]"
  }
},
{
  "model": "admin.logentry",
  "pk": 65,
  "fields": {
    "action_time": "2017-09-21T05:45:00.257Z",
    "user": 1,
    "content_type": 12,
    "object_id": "26",
    "object_repr": "140",
    "action_flag": 1,
    "change_message": "[{\"added\": {}}]"
  }
},
{
  "model": "admin.logentry",
  "pk": 66,
  "fields": {
    "action_time": "2017-09-21T05:45:14.920Z",
    "user": 1,
    "content_type": 12,
    "object_id": "27",
    "object_repr": "141",
    "action_flag": 1,
    "change_message": "[{\"added\": {}}]"
  }
},
{
  "model": "admin.logentry",
  "pk": 67,
  "fields": {
    "action_time": "2017-09-21T05:45:26.253Z",
    "user": 1,
    "content_type": 12,
    "object_id": "28",
    "object_repr": "142",
    "action_flag": 1,
    "change_message": "[{\"added\": {}}]"
  }
},
{
  "model": "admin.logentry",
  "pk": 68,
  "fields": {
    "action_time": "2017-09-21T05:45:31.948Z",
    "user": 1,
    "content_type": 12,
    "object_id": "29",
    "object_repr": "143",
    "action_flag": 1,
    "change_message": "[{\"added\": {}}]"
  }
},
{
  "model": "admin.logentry",
  "pk": 69,
  "fields": {
    "action_time": "2017-09-21T05:45:39.941Z",
    "user": 1,
    "content_type": 12,
    "object_id": "30",
    "object_repr": "147",
    "action_flag": 1,
    "change_message": "[{\"added\": {}}]"
  }
},
{
  "model": "admin.logentry",
  "pk": 70,
  "fields": {
    "action_time": "2017-09-21T05:45:45.644Z",
    "user": 1,
    "content_type": 12,
    "object_id": "31",
    "object_repr": "148",
    "action_flag": 1,
    "change_message": "[{\"added\": {}}]"
  }
},
{
  "model": "admin.logentry",
  "pk": 71,
  "fields": {
    "action_time": "2017-09-21T05:45:52.899Z",
    "user": 1,
    "content_type": 12,
    "object_id": "32",
    "object_repr": "153",
    "action_flag": 1,
    "change_message": "[{\"added\": {}}]"
  }
},
{
  "model": "admin.logentry",
  "pk": 72,
  "fields": {
    "action_time": "2017-09-21T05:46:00.496Z",
    "user": 1,
    "content_type": 12,
    "object_id": "33",
    "object_repr": "159",
    "action_flag": 1,
    "change_message": "[{\"added\": {}}]"
  }
},
{
  "model": "admin.logentry",
  "pk": 73,
  "fields": {
    "action_time": "2017-09-21T05:46:13.593Z",
    "user": 1,
    "content_type": 12,
    "object_id": "34",
    "object_repr": "160",
    "action_flag": 1,
    "change_message": "[{\"added\": {}}]"
  }
},
{
  "model": "admin.logentry",
  "pk": 74,
  "fields": {
    "action_time": "2017-09-21T05:46:22.572Z",
    "user": 1,
    "content_type": 12,
    "object_id": "35",
    "object_repr": "162",
    "action_flag": 1,
    "change_message": "[{\"added\": {}}]"
  }
},
{
  "model": "admin.logentry",
  "pk": 75,
  "fields": {
    "action_time": "2017-09-21T05:46:29.224Z",
    "user": 1,
    "content_type": 12,
    "object_id": "36",
    "object_repr": "163",
    "action_flag": 1,
    "change_message": "[{\"added\": {}}]"
  }
},
{
  "model": "admin.logentry",
  "pk": 76,
  "fields": {
    "action_time": "2017-09-21T05:46:36.619Z",
    "user": 1,
    "content_type": 12,
    "object_id": "37",
    "object_repr": "164",
    "action_flag": 1,
    "change_message": "[{\"added\": {}}]"
  }
},
{
  "model": "admin.logentry",
  "pk": 77,
  "fields": {
    "action_time": "2017-09-21T05:46:42.101Z",
    "user": 1,
    "content_type": 12,
    "object_id": "38",
    "object_repr": "166",
    "action_flag": 1,
    "change_message": "[{\"added\": {}}]"
  }
},
{
  "model": "admin.logentry",
  "pk": 78,
  "fields": {
    "action_time": "2017-09-21T05:46:47.140Z",
    "user": 1,
    "content_type": 12,
    "object_id": "39",
    "object_repr": "168",
    "action_flag": 1,
    "change_message": "[{\"added\": {}}]"
  }
},
{
  "model": "admin.logentry",
  "pk": 79,
  "fields": {
    "action_time": "2017-09-21T05:46:52.493Z",
    "user": 1,
    "content_type": 12,
    "object_id": "40",
    "object_repr": "169",
    "action_flag": 1,
    "change_message": "[{\"added\": {}}]"
  }
},
{
  "model": "admin.logentry",
  "pk": 80,
  "fields": {
    "action_time": "2017-09-21T05:46:56.458Z",
    "user": 1,
    "content_type": 12,
    "object_id": "41",
    "object_repr": "170",
    "action_flag": 1,
    "change_message": "[{\"added\": {}}]"
  }
},
{
  "model": "admin.logentry",
  "pk": 81,
  "fields": {
    "action_time": "2017-09-21T05:47:01.468Z",
    "user": 1,
    "content_type": 12,
    "object_id": "42",
    "object_repr": "171",
    "action_flag": 1,
    "change_message": "[{\"added\": {}}]"
  }
},
{
  "model": "admin.logentry",
  "pk": 82,
  "fields": {
    "action_time": "2017-09-21T05:47:10.480Z",
    "user": 1,
    "content_type": 12,
    "object_id": "43",
    "object_repr": "172",
    "action_flag": 1,
    "change_message": "[{\"added\": {}}]"
  }
},
{
  "model": "admin.logentry",
  "pk": 83,
  "fields": {
    "action_time": "2017-09-21T05:47:16.797Z",
    "user": 1,
    "content_type": 12,
    "object_id": "44",
    "object_repr": "173",
    "action_flag": 1,
    "change_message": "[{\"added\": {}}]"
  }
},
{
  "model": "admin.logentry",
  "pk": 84,
  "fields": {
    "action_time": "2017-09-21T05:47:26.945Z",
    "user": 1,
    "content_type": 12,
    "object_id": "45",
    "object_repr": "174",
    "action_flag": 1,
    "change_message": "[{\"added\": {}}]"
  }
},
{
  "model": "admin.logentry",
  "pk": 85,
  "fields": {
    "action_time": "2017-09-21T05:47:35.576Z",
    "user": 1,
    "content_type": 12,
    "object_id": "46",
    "object_repr": "175",
    "action_flag": 1,
    "change_message": "[{\"added\": {}}]"
  }
},
{
  "model": "admin.logentry",
  "pk": 86,
  "fields": {
    "action_time": "2017-09-21T05:47:46.720Z",
    "user": 1,
    "content_type": 12,
    "object_id": "47",
    "object_repr": "178",
    "action_flag": 1,
    "change_message": "[{\"added\": {}}]"
  }
},
{
  "model": "admin.logentry",
  "pk": 87,
  "fields": {
    "action_time": "2017-09-21T05:47:52.157Z",
    "user": 1,
    "content_type": 12,
    "object_id": "48",
    "object_repr": "179",
    "action_flag": 1,
    "change_message": "[{\"added\": {}}]"
  }
},
{
  "model": "admin.logentry",
  "pk": 88,
  "fields": {
    "action_time": "2017-09-21T05:48:00.952Z",
    "user": 1,
    "content_type": 12,
    "object_id": "49",
    "object_repr": "180",
    "action_flag": 1,
    "change_message": "[{\"added\": {}}]"
  }
},
{
  "model": "admin.logentry",
  "pk": 89,
  "fields": {
    "action_time": "2017-09-21T05:48:06.175Z",
    "user": 1,
    "content_type": 12,
    "object_id": "50",
    "object_repr": "182",
    "action_flag": 1,
    "change_message": "[{\"added\": {}}]"
  }
},
{
  "model": "admin.logentry",
  "pk": 90,
  "fields": {
    "action_time": "2017-09-21T05:48:15.413Z",
    "user": 1,
    "content_type": 12,
    "object_id": "51",
    "object_repr": "183",
    "action_flag": 1,
    "change_message": "[{\"added\": {}}]"
  }
},
{
  "model": "admin.logentry",
  "pk": 91,
  "fields": {
    "action_time": "2017-09-21T05:48:29.641Z",
    "user": 1,
    "content_type": 12,
    "object_id": "52",
    "object_repr": "185",
    "action_flag": 1,
    "change_message": "[{\"added\": {}}]"
  }
},
{
  "model": "admin.logentry",
  "pk": 92,
  "fields": {
    "action_time": "2017-09-21T05:48:36.681Z",
    "user": 1,
    "content_type": 12,
    "object_id": "53",
    "object_repr": "186",
    "action_flag": 1,
    "change_message": "[{\"added\": {}}]"
  }
},
{
  "model": "admin.logentry",
  "pk": 93,
  "fields": {
    "action_time": "2017-09-21T05:48:44.105Z",
    "user": 1,
    "content_type": 12,
    "object_id": "54",
    "object_repr": "187",
    "action_flag": 1,
    "change_message": "[{\"added\": {}}]"
  }
},
{
  "model": "admin.logentry",
  "pk": 94,
  "fields": {
    "action_time": "2017-09-21T05:48:49.815Z",
    "user": 1,
    "content_type": 12,
    "object_id": "55",
    "object_repr": "188",
    "action_flag": 1,
    "change_message": "[{\"added\": {}}]"
  }
},
{
  "model": "admin.logentry",
  "pk": 95,
  "fields": {
    "action_time": "2017-09-21T05:49:03.633Z",
    "user": 1,
    "content_type": 12,
    "object_id": "56",
    "object_repr": "189",
    "action_flag": 1,
    "change_message": "[{\"added\": {}}]"
  }
},
{
  "model": "admin.logentry",
  "pk": 96,
  "fields": {
    "action_time": "2017-09-21T05:49:11.676Z",
    "user": 1,
    "content_type": 12,
    "object_id": "57",
    "object_repr": "190",
    "action_flag": 1,
    "change_message": "[{\"added\": {}}]"
  }
},
{
  "model": "admin.logentry",
  "pk": 97,
  "fields": {
    "action_time": "2017-09-21T05:49:20.049Z",
    "user": 1,
    "content_type": 12,
    "object_id": "58",
    "object_repr": "191",
    "action_flag": 1,
    "change_message": "[{\"added\": {}}]"
  }
},
{
  "model": "admin.logentry",
  "pk": 98,
  "fields": {
    "action_time": "2017-09-21T05:49:25.686Z",
    "user": 1,
    "content_type": 12,
    "object_id": "59",
    "object_repr": "192",
    "action_flag": 1,
    "change_message": "[{\"added\": {}}]"
  }
},
{
  "model": "admin.logentry",
  "pk": 99,
  "fields": {
    "action_time": "2017-09-21T05:49:33.360Z",
    "user": 1,
    "content_type": 12,
    "object_id": "60",
    "object_repr": "196",
    "action_flag": 1,
    "change_message": "[{\"added\": {}}]"
  }
},
{
  "model": "admin.logentry",
  "pk": 100,
  "fields": {
    "action_time": "2017-09-21T05:49:42.009Z",
    "user": 1,
    "content_type": 12,
    "object_id": "61",
    "object_repr": "202",
    "action_flag": 1,
    "change_message": "[{\"added\": {}}]"
  }
},
{
  "model": "admin.logentry",
  "pk": 101,
  "fields": {
    "action_time": "2017-09-21T05:50:02.325Z",
    "user": 1,
    "content_type": 12,
    "object_id": "62",
    "object_repr": "203",
    "action_flag": 1,
    "change_message": "[{\"added\": {}}]"
  }
},
{
  "model": "admin.logentry",
  "pk": 102,
  "fields": {
    "action_time": "2017-09-21T05:50:08.973Z",
    "user": 1,
    "content_type": 12,
    "object_id": "63",
    "object_repr": "204",
    "action_flag": 1,
    "change_message": "[{\"added\": {}}]"
  }
},
{
  "model": "admin.logentry",
  "pk": 103,
  "fields": {
    "action_time": "2017-09-21T05:50:16.264Z",
    "user": 1,
    "content_type": 12,
    "object_id": "64",
    "object_repr": "205",
    "action_flag": 1,
    "change_message": "[{\"added\": {}}]"
  }
},
{
  "model": "admin.logentry",
  "pk": 104,
  "fields": {
    "action_time": "2017-09-21T05:50:23.361Z",
    "user": 1,
    "content_type": 12,
    "object_id": "65",
    "object_repr": "206",
    "action_flag": 1,
    "change_message": "[{\"added\": {}}]"
  }
},
{
  "model": "admin.logentry",
  "pk": 105,
  "fields": {
    "action_time": "2017-09-21T05:50:32.758Z",
    "user": 1,
    "content_type": 12,
    "object_id": "66",
    "object_repr": "207",
    "action_flag": 1,
    "change_message": "[{\"added\": {}}]"
  }
},
{
  "model": "admin.logentry",
  "pk": 106,
  "fields": {
    "action_time": "2017-09-21T10:47:28.640Z",
    "user": 1,
    "content_type": 12,
    "object_id": "67",
    "object_repr": "176",
    "action_flag": 1,
    "change_message": "[{\"added\": {}}]"
  }
},
{
  "model": "admin.logentry",
  "pk": 107,
  "fields": {
    "action_time": "2017-09-21T10:51:31.020Z",
    "user": 1,
    "content_type": 8,
    "object_id": "35",
    "object_repr": "176",
    "action_flag": 1,
    "change_message": "[{\"added\": {}}]"
  }
},
{
  "model": "admin.logentry",
  "pk": 108,
  "fields": {
    "action_time": "2017-09-21T10:54:17.279Z",
    "user": 1,
    "content_type": 8,
    "object_id": "36",
    "object_repr": "32",
    "action_flag": 1,
    "change_message": "[{\"added\": {}}]"
  }
},
{
  "model": "admin.logentry",
  "pk": 109,
  "fields": {
    "action_time": "2017-09-21T10:54:49.691Z",
    "user": 1,
    "content_type": 8,
    "object_id": "37",
    "object_repr": "33",
    "action_flag": 1,
    "change_message": "[{\"added\": {}}]"
  }
},
{
  "model": "admin.logentry",
  "pk": 110,
  "fields": {
    "action_time": "2017-09-21T10:55:17.023Z",
    "user": 1,
    "content_type": 8,
    "object_id": "38",
    "object_repr": "102",
    "action_flag": 1,
    "change_message": "[{\"added\": {}}]"
  }
},
{
  "model": "admin.logentry",
  "pk": 111,
  "fields": {
    "action_time": "2017-09-21T10:57:17.353Z",
    "user": 1,
    "content_type": 8,
    "object_id": "39",
    "object_repr": "103",
    "action_flag": 1,
    "change_message": "[{\"added\": {}}]"
  }
},
{
  "model": "admin.logentry",
  "pk": 112,
  "fields": {
    "action_time": "2017-09-21T10:59:01.585Z",
    "user": 1,
    "content_type": 8,
    "object_id": "40",
    "object_repr": "110",
    "action_flag": 1,
    "change_message": "[{\"added\": {}}]"
  }
},
{
  "model": "admin.logentry",
  "pk": 113,
  "fields": {
    "action_time": "2017-09-21T10:59:19.417Z",
    "user": 1,
    "content_type": 8,
    "object_id": "41",
    "object_repr": "123",
    "action_flag": 1,
    "change_message": "[{\"added\": {}}]"
  }
},
{
  "model": "admin.logentry",
  "pk": 114,
  "fields": {
    "action_time": "2017-09-21T10:59:45.939Z",
    "user": 1,
    "content_type": 8,
    "object_id": "42",
    "object_repr": "141",
    "action_flag": 1,
    "change_message": "[{\"added\": {}}]"
  }
},
{
  "model": "admin.logentry",
  "pk": 115,
  "fields": {
    "action_time": "2017-09-21T11:00:16.956Z",
    "user": 1,
    "content_type": 8,
    "object_id": "43",
    "object_repr": "174",
    "action_flag": 1,
    "change_message": "[{\"added\": {}}]"
  }
},
{
  "model": "admin.logentry",
  "pk": 116,
  "fields": {
    "action_time": "2017-09-21T11:01:50.201Z",
    "user": 1,
    "content_type": 8,
    "object_id": "44",
    "object_repr": "182",
    "action_flag": 1,
    "change_message": "[{\"added\": {}}]"
  }
},
{
  "model": "admin.logentry",
  "pk": 117,
  "fields": {
    "action_time": "2017-09-21T11:02:19.080Z",
    "user": 1,
    "content_type": 8,
    "object_id": "45",
    "object_repr": "184",
    "action_flag": 1,
    "change_message": "[{\"added\": {}}]"
  }
},
{
  "model": "admin.logentry",
  "pk": 118,
  "fields": {
    "action_time": "2017-09-21T11:03:03.972Z",
    "user": 1,
    "content_type": 8,
    "object_id": "46",
    "object_repr": "103",
    "action_flag": 1,
    "change_message": "[{\"added\": {}}]"
  }
},
{
  "model": "admin.logentry",
  "pk": 119,
  "fields": {
    "action_time": "2017-09-21T11:03:16.445Z",
    "user": 1,
    "content_type": 8,
    "object_id": "47",
    "object_repr": "104",
    "action_flag": 1,
    "change_message": "[{\"added\": {}}]"
  }
},
{
  "model": "admin.logentry",
  "pk": 120,
  "fields": {
    "action_time": "2017-09-21T11:03:28.425Z",
    "user": 1,
    "content_type": 8,
    "object_id": "48",
    "object_repr": "105",
    "action_flag": 1,
    "change_message": "[{\"added\": {}}]"
  }
},
{
  "model": "admin.logentry",
  "pk": 121,
  "fields": {
    "action_time": "2017-09-21T11:06:36.664Z",
    "user": 1,
    "content_type": 8,
    "object_id": "49",
    "object_repr": "121",
    "action_flag": 1,
    "change_message": "[{\"added\": {}}]"
  }
},
{
  "model": "admin.logentry",
  "pk": 122,
  "fields": {
    "action_time": "2017-09-21T11:06:51.263Z",
    "user": 1,
    "content_type": 8,
    "object_id": "50",
    "object_repr": "124",
    "action_flag": 1,
    "change_message": "[{\"added\": {}}]"
  }
},
{
  "model": "admin.logentry",
  "pk": 123,
  "fields": {
    "action_time": "2017-09-21T11:07:03.087Z",
    "user": 1,
    "content_type": 8,
    "object_id": "51",
    "object_repr": "128",
    "action_flag": 1,
    "change_message": "[{\"added\": {}}]"
  }
},
{
  "model": "admin.logentry",
  "pk": 124,
  "fields": {
    "action_time": "2017-09-21T11:07:36.365Z",
    "user": 1,
    "content_type": 8,
    "object_id": "52",
    "object_repr": "129",
    "action_flag": 1,
    "change_message": "[{\"added\": {}}]"
  }
},
{
  "model": "admin.logentry",
  "pk": 125,
  "fields": {
    "action_time": "2017-09-21T11:07:57.507Z",
    "user": 1,
    "content_type": 8,
    "object_id": "53",
    "object_repr": "131",
    "action_flag": 1,
    "change_message": "[{\"added\": {}}]"
  }
},
{
  "model": "admin.logentry",
  "pk": 126,
  "fields": {
    "action_time": "2017-09-21T11:15:14.521Z",
    "user": 1,
    "content_type": 8,
    "object_id": "42",
    "object_repr": "141",
    "action_flag": 2,
    "change_message": "[]"
  }
},
{
  "model": "admin.logentry",
  "pk": 127,
  "fields": {
    "action_time": "2017-09-21T11:15:31.895Z",
    "user": 1,
    "content_type": 8,
    "object_id": "54",
    "object_repr": "141",
    "action_flag": 1,
    "change_message": "[{\"added\": {}}]"
  }
},
{
  "model": "admin.logentry",
  "pk": 128,
  "fields": {
    "action_time": "2017-09-21T11:21:08.025Z",
    "user": 1,
    "content_type": 8,
    "object_id": "53",
    "object_repr": "131",
    "action_flag": 3,
    "change_message": ""
  }
},
{
  "model": "admin.logentry",
  "pk": 129,
  "fields": {
    "action_time": "2017-09-21T11:21:08.062Z",
    "user": 1,
    "content_type": 8,
    "object_id": "52",
    "object_repr": "129",
    "action_flag": 3,
    "change_message": ""
  }
},
{
  "model": "admin.logentry",
  "pk": 130,
  "fields": {
    "action_time": "2017-09-21T11:21:08.096Z",
    "user": 1,
    "content_type": 8,
    "object_id": "51",
    "object_repr": "128",
    "action_flag": 3,
    "change_message": ""
  }
},
{
  "model": "admin.logentry",
  "pk": 131,
  "fields": {
    "action_time": "2017-09-21T11:21:08.121Z",
    "user": 1,
    "content_type": 8,
    "object_id": "50",
    "object_repr": "124",
    "action_flag": 3,
    "change_message": ""
  }
},
{
  "model": "admin.logentry",
  "pk": 132,
  "fields": {
    "action_time": "2017-09-21T11:21:08.138Z",
    "user": 1,
    "content_type": 8,
    "object_id": "49",
    "object_repr": "121",
    "action_flag": 3,
    "change_message": ""
  }
},
{
  "model": "admin.logentry",
  "pk": 133,
  "fields": {
    "action_time": "2017-09-21T11:21:08.171Z",
    "user": 1,
    "content_type": 8,
    "object_id": "48",
    "object_repr": "105",
    "action_flag": 3,
    "change_message": ""
  }
},
{
  "model": "admin.logentry",
  "pk": 134,
  "fields": {
    "action_time": "2017-09-21T11:21:08.229Z",
    "user": 1,
    "content_type": 8,
    "object_id": "47",
    "object_repr": "104",
    "action_flag": 3,
    "change_message": ""
  }
},
{
  "model": "admin.logentry",
  "pk": 135,
  "fields": {
    "action_time": "2017-09-21T11:21:08.344Z",
    "user": 1,
    "content_type": 8,
    "object_id": "46",
    "object_repr": "103",
    "action_flag": 3,
    "change_message": ""
  }
},
{
  "model": "admin.logentry",
  "pk": 136,
  "fields": {
    "action_time": "2017-09-21T11:21:08.376Z",
    "user": 1,
    "content_type": 8,
    "object_id": "45",
    "object_repr": "184",
    "action_flag": 3,
    "change_message": ""
  }
},
{
  "model": "admin.logentry",
  "pk": 137,
  "fields": {
    "action_time": "2017-09-21T11:21:08.393Z",
    "user": 1,
    "content_type": 8,
    "object_id": "44",
    "object_repr": "182",
    "action_flag": 3,
    "change_message": ""
  }
},
{
  "model": "admin.logentry",
  "pk": 138,
  "fields": {
    "action_time": "2017-09-21T11:21:08.410Z",
    "user": 1,
    "content_type": 8,
    "object_id": "43",
    "object_repr": "174",
    "action_flag": 3,
    "change_message": ""
  }
},
{
  "model": "admin.logentry",
  "pk": 139,
  "fields": {
    "action_time": "2017-09-21T11:21:08.427Z",
    "user": 1,
    "content_type": 8,
    "object_id": "42",
    "object_repr": "141",
    "action_flag": 3,
    "change_message": ""
  }
},
{
  "model": "admin.logentry",
  "pk": 140,
  "fields": {
    "action_time": "2017-09-21T11:21:08.444Z",
    "user": 1,
    "content_type": 8,
    "object_id": "41",
    "object_repr": "123",
    "action_flag": 3,
    "change_message": ""
  }
},
{
  "model": "admin.logentry",
  "pk": 141,
  "fields": {
    "action_time": "2017-09-21T11:21:08.478Z",
    "user": 1,
    "content_type": 8,
    "object_id": "40",
    "object_repr": "110",
    "action_flag": 3,
    "change_message": ""
  }
},
{
  "model": "admin.logentry",
  "pk": 142,
  "fields": {
    "action_time": "2017-09-21T11:21:08.494Z",
    "user": 1,
    "content_type": 8,
    "object_id": "39",
    "object_repr": "103",
    "action_flag": 3,
    "change_message": ""
  }
},
{
  "model": "admin.logentry",
  "pk": 143,
  "fields": {
    "action_time": "2017-09-21T11:21:08.527Z",
    "user": 1,
    "content_type": 8,
    "object_id": "38",
    "object_repr": "102",
    "action_flag": 3,
    "change_message": ""
  }
},
{
  "model": "admin.logentry",
  "pk": 144,
  "fields": {
    "action_time": "2017-09-21T11:21:08.584Z",
    "user": 1,
    "content_type": 8,
    "object_id": "37",
    "object_repr": "33",
    "action_flag": 3,
    "change_message": ""
  }
},
{
  "model": "admin.logentry",
  "pk": 145,
  "fields": {
    "action_time": "2017-09-21T11:21:08.601Z",
    "user": 1,
    "content_type": 8,
    "object_id": "36",
    "object_repr": "32",
    "action_flag": 3,
    "change_message": ""
  }
},
{
  "model": "admin.logentry",
  "pk": 146,
  "fields": {
    "action_time": "2017-09-21T11:21:08.617Z",
    "user": 1,
    "content_type": 8,
    "object_id": "35",
    "object_repr": "176",
    "action_flag": 3,
    "change_message": ""
  }
},
{
  "model": "admin.logentry",
  "pk": 147,
  "fields": {
    "action_time": "2017-09-21T11:21:08.634Z",
    "user": 1,
    "content_type": 8,
    "object_id": "34",
    "object_repr": "182",
    "action_flag": 3,
    "change_message": ""
  }
},
{
  "model": "admin.logentry",
  "pk": 148,
  "fields": {
    "action_time": "2017-09-21T11:21:08.651Z",
    "user": 1,
    "content_type": 8,
    "object_id": "33",
    "object_repr": "141",
    "action_flag": 3,
    "change_message": ""
  }
},
{
  "model": "admin.logentry",
  "pk": 149,
  "fields": {
    "action_time": "2017-09-21T11:21:08.668Z",
    "user": 1,
    "content_type": 8,
    "object_id": "32",
    "object_repr": "174",
    "action_flag": 3,
    "change_message": ""
  }
},
{
  "model": "admin.logentry",
  "pk": 150,
  "fields": {
    "action_time": "2017-09-21T11:21:08.685Z",
    "user": 1,
    "content_type": 8,
    "object_id": "31",
    "object_repr": "110",
    "action_flag": 3,
    "change_message": ""
  }
},
{
  "model": "admin.logentry",
  "pk": 151,
  "fields": {
    "action_time": "2017-09-21T11:21:08.702Z",
    "user": 1,
    "content_type": 8,
    "object_id": "30",
    "object_repr": "123",
    "action_flag": 3,
    "change_message": ""
  }
},
{
  "model": "admin.logentry",
  "pk": 152,
  "fields": {
    "action_time": "2017-09-21T11:21:08.735Z",
    "user": 1,
    "content_type": 8,
    "object_id": "29",
    "object_repr": "184",
    "action_flag": 3,
    "change_message": ""
  }
},
{
  "model": "admin.logentry",
  "pk": 153,
  "fields": {
    "action_time": "2017-09-21T11:21:15.664Z",
    "user": 1,
    "content_type": 8,
    "object_id": "54",
    "object_repr": "141",
    "action_flag": 3,
    "change_message": ""
  }
},
{
  "model": "admin.logentry",
  "pk": 154,
  "fields": {
    "action_time": "2017-09-21T11:41:34.931Z",
    "user": 1,
    "content_type": 8,
    "object_id": "55",
    "object_repr": "123",
    "action_flag": 1,
    "change_message": "[{\"added\": {}}]"
  }
}
]